smiles,MolWt,HeavyAtomMolWt,ExactMolWt,Chi0,Chi3v,Chi4v,HallKierAlpha,SMR_VSA10,SMR_VSA3,SMR_VSA4,SMR_VSA5,SlogP_VSA3,SlogP_VSA7,SlogP_VSA8,TPSA,EState_VSA2,EState_VSA9,VSA_EState1,VSA_EState6,VSA_EState9,FractionCSP3,NHOHCount,MolLogP,fr_C_O,fr_C_S,fr_NH0,fr_alkyl_halide,fr_ketone_Topliss,fr_piperzine,energy
*CC(*)C,42.081,36.033,42.046950192,4.284457050376173,0.0,0.0,0.0,0.0,0.0,0.0,20.268296022307258,0.0,13.344558822616634,0.0,0.0,0.0,0.0,1.525462962962963,0.0,0.0,1.0,0,1.3117,0,0,0,0,0,0,7.6997
*CC(*)CC,56.10799999999999,48.044,56.062600256,4.99156383156272,0.2886751345948128,0.0,0.0,0.0,0.0,0.0,26.689117645233267,0.0,13.344558822616634,0.0,0.0,0.0,0.0,1.5097685185185186,0.0,0.0,1.0,0,1.7018,0,0,0,0,0,0,7.9012
*CC(*)CCC,70.13499999999999,60.05499999999999,70.07825032,5.698670612749268,0.4927992798267443,0.2041241452319314,0.0,0.0,0.0,0.0,33.10993926815928,0.0,13.344558822616634,0.0,0.0,0.0,0.0,1.4932407407407409,0.0,0.0,1.0,0,2.0919,0,0,0,0,0,0,7.2705
*CC1CCC(*)C1,82.14599999999999,72.06599999999999,82.07825032,5.983127663125442,1.2790391023624612,0.8249579113843054,0.0,0.0,0.0,5.917906046161393,32.60702369139466,0.0,13.344558822616634,0.0,0.0,0.0,0.0,1.475601851851852,0.0,0.0,1.0,0,2.0919,0,0,0,0,0,0,7.9703
*CC(*)CCCC1CCCCC1,152.28099999999998,132.12099999999998,152.15650064,9.518661569058182,2.7453655975512468,2.026678633063271,0.0,0.0,0.0,5.917906046161393,64.71113180602472,0.0,13.344558822616634,0.0,0.0,0.0,0.0,1.4358909674981104,0.0,0.0,1.0,0,4.042400000000003,0,0,0,0,0,0,7.5725
*C(*)C,28.054,24.022,28.031300128,3.5773502691896257,0.0,0.0,0.0,0.0,0.0,0.0,13.847474399381248,0.0,6.923737199690624,0.0,0.0,0.0,0.0,1.6111111111111112,0.0,0.0,1.0,0,0.8509,0,0,0,0,0,0,7.4047
*C=C*,26.038,24.022,26.015650064,3.414213562373095,0.0,0.0,-0.26,0.0,0.0,0.0,0.0,0.0,0.0,0.0,0.0,0.0,0.0,1.2777777777777777,0.0,0.0,0.0,0,0.5562,0,0,0,0,0,0,0.9567
*C=CCCCC*,82.146,72.06599999999999,82.07825032,6.242640687119286,0.6207908118985981,0.2621886974951643,-0.26,0.0,0.0,0.0,26.186202068468653,0.0,6.923737199690624,0.0,0.0,0.0,0.0,1.2835544217687076,0.0,0.0,0.6666666666666666,0,2.1873000000000005,0,0,0,0,0,0,5.7962
*C1CCC1*,54.092000000000006,48.044,54.046950192,4.568914100752346,0.6666666666666667,0.1666666666666666,0.0,0.0,0.0,0.0,25.68328649170404,0.0,12.84164324585202,0.0,0.0,0.0,0.0,1.585648148148148,0.0,0.0,1.0,0,1.4558,0,0,0,0,0,0,6.5419
*CC1(*)CCCCC1,96.173,84.07699999999998,96.093900384,6.742640687119287,1.560660171779821,1.0517766952966363,0.0,0.0,0.0,0.0,44.94575136048206,0.0,12.841643245852016,0.0,0.0,0.0,0.0,1.419166666666667,0.0,0.0,1.0,0,2.626100000000001,0,0,0,0,0,0,7.3387
*CC(*)c1ccc(C(=O)OCC(C)C)cc1,204.269,188.141,204.115029752,12.836498814253964,1.92984913872824,1.0809724635538216,-1.31,5.969305287951849,0.0,5.917906046161393,27.19203322199788,4.736862953800049,6.923737199690624,0.0,26.3,5.969305287951849,4.736862953800049,6.106411327769552,8.071284958427816,0.0,0.4615384615384615,0,3.057400000000001,1,0,0,0,0,0,4.8032
*CC(*)O,44.053,40.021,44.026214748,4.284457050376173,0.0,0.0,-0.04,0.0,0.0,0.0,13.530619164203545,0.0,6.923737199690624,0.0,20.23,6.606881964512918,5.106527394840706,0.8310185185185186,0.0,0.0,1.0,1,-0.1783,0,0,0,0,0,0,7.5488
*CC(*)C#N,53.06399999999999,50.04,53.026549096,4.99156383156272,0.0912870929175276,0.0,-0.51,0.0,0.0,0.0,13.344558822616634,0.0,13.344558822616634,0.0,23.79,0.0,5.261891554738487,0.9261574074074074,2.2881944444444446,0.0,0.6666666666666666,0,0.81538,0,0,1,0,0,0,7.4435
*CC(*)(C)C#N,67.091,62.051,67.04219916,5.914213562373096,0.1908603403791989,0.0,-0.51,0.0,0.0,0.0,19.76538044554264,0.0,12.841643245852016,0.0,23.79,5.917906046161393,5.261891554738487,0.7826388888888889,2.364583333333333,0.0,0.75,0,1.20548,0,0,1,0,0,0,7.1863
*CC(*)OC(C)=O,86.08999999999999,80.04199999999999,86.036779432,6.568914100752346,0.2492969859635601,0.1173540242053219,-0.53,5.969305287951849,0.0,0.0,20.454356363894167,9.53140013787187,6.923737199690624,0.0,26.3,5.969305287951849,4.736862953800049,5.656296296296296,0.0,0.0,0.75,0,0.3924999999999999,1,0,0,0,0,0,5.9373
*CC(*)CCc1ccc(C)cc1,146.23299999999998,132.12099999999998,146.109550448,9.681798275874712,1.757739286979418,1.0234744036547103,-0.78,0.0,0.0,0.0,33.10993926815928,6.4208216229260096,13.344558822616634,0.0,0.0,0.0,0.0,1.3064023263626436,9.064587112622828,0.0,0.4545454545454545,0,3.2330200000000016,0,0,0,0,0,0,4.5772
*C(C)C(*)O,58.080000000000005,52.032,58.041864812,5.154700538379252,0.149071198499986,0.0,-0.04,0.0,0.0,0.0,19.951440787129552,0.0,6.4208216229260096,0.0,20.23,6.606881964512918,5.106527394840706,0.7175925925925927,0.0,0.0,1.0,1,0.2118,0,0,0,0,0,0,7.9156
*C(F)C(*)(F)OC(F)(F)F,148.02999999999997,147.022,147.994755752,9.284457050376174,0.2990117603218244,0.1328279689014601,-0.39,0.0,0.0,0.0,19.39468556840249,4.736862953800049,0.0,0.0,9.23,0.0,0.0,59.294375,0.0,0.0,1.0,0,1.5403,0,0,0,5,0,0,7.802
*CC(*)C(=O)c1ccc(CC)cc1,160.21599999999998,148.11999999999998,160.088815004,10.55204176387779,1.832097266466187,1.0225654815742666,-1.11,5.783244946364939,0.0,0.0,26.689117645233267,6.4208216229260096,13.344558822616634,0.0,17.07,0.0,0.0,0.6077194349962205,8.1822052154195,0.0,0.3636363636363636,0,2.7371000000000008,1,0,0,0,1,0,3.9853
*CC(*)OC(=O)C(F)(F)C(F)(F)C(F)(F)F,240.074,237.04999999999995,240.002126876,14.068914100752346,1.19709861446867,0.4558875875279481,-1.0200000000000005,5.969305287951849,0.0,0.0,31.55197601783617,9.53140013787187,6.923737199690624,0.0,26.3,0.0,0.0,88.16228729686318,0.0,0.0,0.8333333333333334,0,2.2055,1,0,0,7,0,0,6.0228
*CC(*)OC(=O)CC1CCCC1,154.20899999999995,140.09699999999998,154.099379688,9.681798275874712,2.144865861752204,1.591248155112628,-0.53,5.969305287951849,0.0,5.917906046161393,45.6347272788336,9.53140013787187,6.923737199690624,0.0,26.3,5.969305287951849,4.736862953800049,6.072202695893173,0.0,0.0,0.8888888888888888,0,1.9529,1,0,0,0,0,0,6.4741
*CC(*)N1CCCC1=O,111.144,102.07199999999996,111.068413908,7.560477932315068,1.3303902732344697,0.8620384679621469,-0.53,5.907179729351506,4.899909730850478,0.0,26.31013685145522,4.794537184071822,6.923737199690624,0.0,20.31,0.0,0.0,0.9314351851851852,0.0,0.0,0.8333333333333334,0,0.4518,1,0,1,0,0,0,5.5902
*CC(*)C(=O)O,72.06299999999999,68.031,72.021129368,5.861807319565799,0.174620426250861,0.0,-0.53,5.969305287951849,0.0,0.0,13.344558822616634,4.794537184071822,13.344558822616634,0.0,37.3,6.4208216229260096,5.106527394840706,0.4558333333333333,0.0,0.0,0.6666666666666666,1,0.3763999999999999,1,0,0,0,0,0,6.1071
*CC(*)C(=O)OC(C)C,114.14399999999998,104.064,114.06807956,8.146264369941973,0.5185228312386286,0.2804203307853609,-0.53,5.969305287951849,0.0,0.0,33.29599960974618,9.53140013787187,13.344558822616634,0.0,26.3,12.073271675700152,4.736862953800049,5.659554043839759,0.0,0.0,0.8333333333333334,0,1.2434,1,0,0,0,0,0,6.455
*CC(*)C(=O)OCC(F)(F)C(F)(F)C(F)(F)C(F)(F)F,304.10799999999995,299.0679999999999,304.01458338000003,17.276020881938894,1.7721010782541935,0.7190275537707623,-1.1600000000000006,5.969305287951849,0.0,0.0,37.28844484434384,9.53140013787187,13.344558822616634,0.0,26.3,0.0,0.0,114.7823137912572,0.0,0.0,0.875,0,3.3032000000000004,1,0,0,9,0,0,6.4578
*CC(*)C(=O)OCC(F)(F)C(F)(F)C(F)(F)C(F)(F)C(F)(F)C(F)(F)C(F)(F)F,454.129,449.089,454.0050027,24.77602088193889,2.955119216339462,1.3105366228133968,-1.580000000000001,5.969305287951849,0.0,0.0,55.056032348627575,9.53140013787187,13.344558822616634,0.0,26.3,6.923737199690624,0.0,195.9746776689312,0.0,0.0,0.9090909090909092,0,5.209100000000001,1,0,0,15,0,0,5.7185
*CC(*)(C)C(=O)OCC,114.14399999999998,104.06399999999998,114.06807956,8.19867061274927,0.6238936285743266,0.2542941687042683,-0.53,5.969305287951849,0.0,0.0,26.689117645233264,9.53140013787187,12.841643245852016,0.0,26.3,11.887211334113244,4.736862953800049,5.447601095993953,0.0,0.0,0.8333333333333334,0,1.245,1,0,0,0,0,0,6.2424
*CC(*)(C)C(=O)Oc1ccccc1,162.188,152.10799999999998,162.06807956,10.604448006685088,1.302215710871673,0.6826901252272345,-1.31,5.969305287951849,0.0,0.0,19.76538044554264,4.794537184071822,12.841643245852016,0.0,26.3,11.887211334113244,4.736862953800049,5.660581853111615,9.34789485701688,0.0,0.3,0,2.2875000000000005,1,0,0,0,0,0,4.8118
*CC(*)(C)C(=O)OCCc1ccccc1,190.242,176.12999999999997,190.099379688,12.018661569058184,1.8151800031811536,1.029456927279434,-1.31,5.969305287951849,0.0,0.0,26.18620206846865,15.95222176079788,12.841643245852016,0.0,26.3,11.887211334113244,4.736862953800049,5.732859245932838,10.168077624185578,0.0,0.4166666666666667,0,2.4678000000000004,1,0,0,0,0,0,4.9946
*CC(*)(C)C(=O)OCC(F)(F)C(F)F,200.131,192.06699999999995,200.046042376,12.276020881938896,1.0634276931075093,0.3479622123910132,-0.8100000000000003,5.969305287951849,0.0,0.0,32.11335435849641,9.53140013787187,12.841643245852016,0.0,26.3,0.0,0.0,52.14346844293273,0.0,0.0,0.8571428571428571,0,2.1255000000000006,1,0,0,4,0,0,5.3983
*CC(*)(C)C(=O)OC(C(F)(F)F)C(F)(F)F,236.1109999999999,230.063,236.027198752,14.068914100752348,1.167939007524857,0.5268378124926283,-0.9500000000000004,5.969305287951849,0.0,0.0,38.221943868177895,9.53140013787187,12.841643245852016,0.0,26.3,0.0,0.0,75.30096371882087,0.0,0.0,0.8571428571428571,0,2.718300000000001,1,0,0,6,0,0,5.3218
*CC(*)(C)C(=O)OC(F)(C(F)(F)F)C(F)(F)F,254.1009999999999,249.06099999999992,254.01777694,14.991563831562722,1.3110114195962483,0.4912913677468178,-1.0200000000000005,5.969305287951849,0.0,0.0,37.972797640762174,9.53140013787187,12.841643245852016,0.0,26.3,6.923737199690624,0.0,87.62355631141345,0.0,0.0,0.8571428571428571,0,3.0155000000000003,1,0,0,7,0,0,6.1125
*CC(*)(C)C(=O)OCCOCC,158.19699999999995,144.08499999999998,158.094294308,10.319990956308914,1.0134131797555574,0.4608273219942878,-0.5700000000000001,5.969305287951849,0.0,0.0,26.689117645233264,14.26826309167192,12.841643245852016,0.0,35.53,11.887211334113244,9.473725907600098,10.61151384164777,0.0,0.0,0.875,0,1.2616,1,0,0,0,0,0,5.9514
*CC(*)C(N)=O,71.079,66.039,71.03711378,5.861807319565799,0.2011844635310912,0.0,-0.53,5.907179729351506,0.0,5.733667477162185,13.344558822616634,4.794537184071822,13.344558822616634,0.0,43.09,5.907179729351506,5.733667477162185,0.6608333333333333,0.0,0.0,0.6666666666666666,2,-0.2229,1,0,0,0,0,0,6.3764
*CC(*)C(=O)OC(CC)CC,142.19799999999998,128.08599999999998,142.099379688,9.560477932315068,1.3601708400327386,0.6677207503028633,-0.53,5.969305287951849,0.0,0.0,46.1376428555982,9.53140013787187,13.344558822616634,0.0,26.3,12.073271675700152,4.736862953800049,5.934284769463341,0.0,0.0,0.875,0,2.0236,1,0,0,0,0,0,6.2722
*CC(*)C(=O)OCF,104.08,99.04,104.02735762,7.276020881938894,0.363480037657877,0.1126943746756832,-0.6000000000000001,5.969305287951849,0.0,0.0,13.344558822616634,9.53140013787187,13.344558822616634,0.0,26.3,12.39012691087786,0.0,15.877685185185186,0.0,0.0,0.75,0,0.762,1,0,0,1,0,0,6.1736
*CC(*)C(=O)OCCCCSC,174.265,160.153,174.071450688,10.104448006685086,1.8507103426002645,1.07294757286921,-0.18,17.731190237342965,0.0,0.0,26.186202068468653,9.53140013787187,13.344558822616634,0.0,26.3,5.969305287951849,4.736862953800049,5.780779639398868,0.0,0.0,0.875,0,1.9782,1,0,0,0,0,0,5.1007
*CC(*)C(=O)OCCCSCC,174.265,160.153,174.071450688,10.104448006685086,2.033723044492484,1.147662195549881,-0.18,17.731190237342965,0.0,0.0,26.689117645233267,9.53140013787187,13.344558822616634,0.0,26.3,5.969305287951849,4.736862953800049,5.774830565324794,0.0,0.0,0.875,0,1.9782,1,0,0,0,0,0,5.1212
*CC(*)C(=O)OCCSCCCC#N,199.27499999999995,186.171,199.066699656,11.518661569058182,2.2486058375631286,1.369230220307175,-0.69,17.731190237342965,0.0,0.0,26.186202068468653,9.53140013787187,13.344558822616634,0.0,50.09,5.969305287951849,9.998754508538536,5.681618804160221,2.11587127502261,0.0,0.7777777777777778,0,1.87198,1,0,1,0,0,0,5.1226
*CC(*)(C)C(=O)OCCC#N,139.15399999999997,130.08199999999997,139.063328528,9.612884175122366,0.7954836053838413,0.3125721056980824,-1.04,5.969305287951849,0.0,0.0,26.18620206846865,9.53140013787187,12.841643245852016,0.0,50.09,18.49409329862616,9.998754508538536,5.295846482111362,1.951328656462585,0.0,0.7142857142857143,0,1.13878,1,0,1,0,0,0,6.2508
*CC(*)C(=O)OCC(F)(F)C(F)(F)OC(F)(F)C(F)(F)C(F)(F)C(F)(F)F,420.1209999999999,415.081,420.00311088,22.983127663125444,2.3604384659598523,0.9652277782845062,-1.4800000000000009,5.969305287951849,0.0,0.0,49.505623863706816,14.26826309167192,13.344558822616634,0.0,35.53,0.0,0.0,169.48117981840213,0.0,0.0,0.9,0,4.505400000000001,1,0,0,13,0,0,6.0236
*CC(*)(C#N)C(=O)OCC,125.12699999999998,118.07099999999998,125.047678464,8.905777393935816,0.6567901969000651,0.2638533233386805,-1.04,5.969305287951849,0.0,0.0,19.76538044554264,9.53140013787187,12.841643245852016,0.0,50.09,5.969305287951849,9.998754508538536,4.717045540438397,2.111759259259259,0.0,0.6666666666666666,0,0.74868,1,0,1,0,0,0,6.1989
*CCC(C(=O)OC)C(*)C(=O)OC,172.17999999999998,160.08399999999995,172.073558864,11.137828201504696,1.3533898181999222,0.652908368705271,-1.06,11.9386105759037,0.0,5.917906046161393,19.765380445542643,19.06280027574374,13.344558822616634,0.0,52.60000000000001,24.2773382449911,4.736862953800049,9.440010865457294,0.0,2.7507459372637943,0.75,0,0.6440999999999999,2,0,0,0,0,0,6.3252
*CC(*)(C#N)C(=O)OC(C)C,139.15399999999997,130.082,139.063328528,9.776020881938894,0.7240986287819402,0.3308491707375656,-1.04,5.969305287951849,0.0,0.0,32.79308403298157,9.53140013787187,12.841643245852016,0.0,50.09,12.073271675700152,9.998754508538536,4.888489229024944,2.1323148148148148,0.0,0.7142857142857143,0,1.13718,1,0,1,0,0,0,5.8301
*C1C(=O)OC(=O)C1*,98.057,96.041,98.000393924,7.016507857945051,0.5566833238403335,0.3032677039723834,-0.8600000000000001,11.9386105759037,0.0,0.0,12.84164324585202,14.325937321943693,12.84164324585202,0.0,43.370000000000005,24.78025382175572,0.0,4.418148148148148,0.0,0.0,0.5,0,-0.2546,2,0,0,0,0,0,6.0081
*CC(*)F,46.044,43.02,46.021878316,4.284457050376173,0.0,0.0,-0.07,0.0,0.0,0.0,13.598328171965532,0.0,6.923737199690624,0.0,0.0,6.674590972274908,0.0,12.087962962962964,0.0,0.0,1.0,0,0.7988999999999999,0,0,0,1,0,0,8.3099
*C(F)C(*)(F)F,82.024,81.016,82.003034692,6.077350269189626,0.0824786098842322,0.0,-0.21,0.0,0.0,0.0,13.100035717134098,0.0,0.0,0.0,0.0,0.0,0.0,33.0625,0.0,0.0,1.0,0,0.9734,0,0,0,3,0,0,6.8451
*CCC(F)(F)C(*)(F)Cl,144.52300000000002,140.491,143.995362468,8.414213562373096,0.8669577641313235,0.1889822365046135,0.0799999999999999,11.600939890232516,0.0,0.0,24.897945208265835,0.0,6.923737199690624,0.0,0.0,6.4208216229260096,11.600939890232516,36.37409722222222,0.0,0.0,1.0,0,2.3908000000000005,0,0,0,4,0,0,7.4828
*CCC(F)(F)C(*)(F)F,128.068,124.03600000000002,128.024913008,8.414213562373096,0.5904700003179685,0.0944911182523067,-0.28,0.0,0.0,0.0,25.692532735570403,0.0,6.923737199690624,0.0,0.0,0.0,0.0,46.99173611111111,0.0,0.0,1.0,0,2.1215,0,0,0,4,0,0,9.1316
*C(F)(F)C1(F)C(F)(F)C(*)(F)C(F)(F)C1(F)F,262.04599999999994,262.04599999999994,261.9840322,15.0,2.071393419027681,1.1370739299507644,-0.7000000000000002,0.0,0.0,0.0,36.03346746339889,0.0,0.0,0.0,0.0,0.0,0.0,124.83916666666666,0.0,0.0,1.0,0,2.9714,0,0,0,10,0,0,6.9544
*CCC(Cl)C(*)Cl,124.998,118.95,123.984655552,6.568914100752346,1.1898261725045085,0.1889822365046136,0.58,23.20187978046503,0.0,0.0,24.6016501357927,0.0,6.923737199690624,0.0,0.0,0.0,23.20187978046503,0.86266975308642,0.0,0.0,1.0,0,2.0657,0,0,0,2,0,0,6.4523
*C=CC(C*)(C(F)(F)F)C(F)(F)F,190.086,186.054,190.021719448,11.621320343559642,1.29620984984397,0.3496965222188993,-0.6800000000000002,0.0,0.0,5.41499046939678,19.27633423457757,0.0,6.923737199690624,0.0,0.0,0.0,0.0,72.58048611111111,0.0,0.0,0.6666666666666666,0,3.128,0,0,0,6,0,0,5.7329
*C=CC(C*)CCC,96.173,84.07699999999998,96.093900384,7.112884175122364,0.9316314734693196,0.4670158567635358,-0.26,0.0,0.0,5.917906046161393,26.689117645233267,0.0,6.923737199690624,0.0,0.0,0.0,0.0,1.2001936885865456,0.0,0.0,0.7142857142857143,0,2.4333,0,0,0,0,0,0,5.7469
*C1C=CC(*)CC1,80.13000000000001,72.06599999999999,80.062600256,5.983127663125442,0.8832766380870201,0.5420350197234279,-0.26,0.0,0.0,0.0,25.68328649170404,0.0,12.84164324585202,0.0,0.0,0.0,0.0,1.2858333333333334,0.0,0.0,0.6666666666666666,0,2.012,0,0,0,0,0,0,5.4843
*C=CC(C)C(*)C(=O)OCCCC,168.23599999999996,152.10799999999998,168.115029752,10.974691494688164,1.4447476047994037,0.6354168443194728,-0.79,5.969305287951849,0.0,5.917906046161393,33.10993926815928,9.53140013787187,6.4208216229260096,0.0,26.3,12.39012691087786,4.736862953800049,5.616833247570531,0.0,0.0,0.7,0,2.3666,1,0,0,0,0,0,5.4974
*CO*,30.026,28.01,30.010564684,3.414213562373095,0.0,0.0,-0.04,0.0,0.0,0.0,0.0,5.106527394840706,0.0,0.0,9.23,0.0,5.106527394840706,0.9166666666666666,0.0,1.1805555555555556,1.0,0,-0.0258999999999999,0,0,0,0,0,0,8.7732
*OC(*)CCC#N,83.09,78.05,83.03711378,6.405777393935816,0.3739920963701538,0.1234752875356692,-0.55,0.0,0.0,0.0,19.44852521036493,5.106527394840706,0.0,0.0,33.02,0.0,10.368418949579192,0.4961999244142103,2.120694444444444,0.0,0.75,0,0.6464799999999999,0,0,1,0,0,0,6.9611
*CCO*,44.053,40.021,44.026214748,4.121320343559642,0.0,0.0,-0.04,0.0,0.0,0.0,6.923737199690624,5.106527394840706,6.923737199690624,0.0,9.23,0.0,5.106527394840706,0.9513888888888888,0.0,0.0,1.0,0,0.4349,0,0,0,0,0,0,6.2206
*CC(C)O*,58.08,52.032,58.041864812,4.99156383156272,0.0,0.0,-0.04,0.0,0.0,0.0,19.95144078712955,5.106527394840706,6.923737199690624,0.0,9.23,0.0,5.106527394840706,0.863425925925926,0.0,0.0,1.0,0,0.8233999999999999,0,0,0,0,0,0,6.9903
*CC(O*)C(F)(F)F,112.05,109.026,112.013599376,7.49156383156272,0.36508564589935,0.0,-0.25,0.0,0.0,0.0,19.2040021048824,5.106527394840706,6.923737199690624,0.0,9.23,6.923737199690624,0.0,34.30439814814815,0.0,0.0,1.0,0,1.3658,0,0,0,3,0,0,7.4158
*OC(F)(F)C(*)(F)F,116.013,116.013,115.9885275,7.707106781186548,0.2200088178381887,0.0,-0.32,0.0,0.0,0.0,12.534034254540677,5.106527394840706,0.0,0.0,9.23,0.0,0.0,44.39756944444445,0.0,0.0,1.0,0,1.2022,0,0,0,4,0,0,10.1137
*CCCO*,58.08,52.032,58.041864812,4.82842712474619,0.1443375672974064,0.0,-0.04,0.0,0.0,0.0,13.344558822616634,5.106527394840706,6.923737199690624,0.0,9.23,0.0,5.106527394840706,0.9563888888888888,0.0,0.0,1.0,0,0.825,0,0,0,0,0,0,7.4889
*Oc1ccc(Cc2ccc(*)cc2)cc1,182.222,172.14199999999997,182.07316494,11.380468888623982,2.1188692669956835,1.3822705646124973,-1.7599999999999998,6.06636706846161,0.0,0.0,6.4208216229260096,6.4208216229260096,0.0,0.0,9.23,0.0,5.106527394840706,0.3552665908726513,19.105419096395828,0.0,0.0769230769230769,0,2.2951000000000006,0,0,0,0,0,0,4.3787
*CCCCCOCO*,116.16,104.06399999999998,116.083729624,7.656854249492381,0.8720084679281461,0.4398264056274472,-0.08,0.0,0.0,0.0,26.186202068468653,9.843390348640757,6.923737199690624,0.0,18.46,0.0,9.843390348640757,5.959772770219199,0.0,0.0,1.0,0,1.5793,0,0,0,0,0,0,6.8354
*Oc1ccc(SSCCCCCCCCCCSSc2ccc(*)cc2)cc1,436.73300000000006,408.5090000000001,436.102299516,20.572857044049098,8.96444941980165,6.791849724536838,-0.3600000000000002,49.2419589740085,0.0,0.0,61.15753993444363,0.0,0.0,0.0,9.23,0.0,5.106527394840706,0.3611400755498726,19.336208188465136,7.858498382048912,0.4545454545454545,0,8.005900000000006,0,0,0,0,0,0,4.2235
*OC(F)(F)C(F)(F)C(F)(F)C(*)(F)F,216.027,216.027,215.98214038,12.707106781186548,0.9972186128696844,0.301439616753964,-0.6000000000000001,0.0,0.0,0.0,24.37909259072983,5.106527394840706,0.0,0.0,9.23,0.0,0.0,94.25680555555556,0.0,0.0,1.0,0,2.4728,0,0,0,8,0,0,8.7307
*CC(C)CO*,72.107,64.04299999999999,72.057514876,5.698670612749268,0.2845177968644246,0.0,-0.04,0.0,0.0,5.917906046161393,13.847474399381248,5.106527394840706,6.923737199690624,0.0,9.23,0.0,5.106527394840706,0.882824074074074,0.0,0.0,1.0,0,1.071,0,0,0,0,0,0,7.3501
*CCOC(=O)NCCOCCOCCNC(=O)O*,262.26199999999994,244.118,262.116486296,15.05419547499092,1.6366393037132516,0.9162277998576254,-1.54,12.18648014187683,10.633577208012662,0.0,6.923737199690624,19.31711625624085,6.923737199690624,0.0,95.12000000000002,12.18648014187683,14.210588861400147,15.320987853551191,0.0,0.0,0.8,2,-0.0960999999999998,2,0,0,0,0,0,6.4585
*CC1CC1CO*,84.118,76.05399999999999,84.057514876,5.983127663125442,1.2831117687915448,0.5144253651595647,-0.04,0.0,0.0,11.835812092322788,13.344558822616634,5.106527394840706,6.923737199690624,0.0,9.23,0.0,5.106527394840706,0.947824074074074,0.0,0.0,1.0,0,1.071,0,0,0,0,0,0,6.9566
*CCOCCOCCOC(=O)CCCCCC(=O)O*,274.313,252.137,274.141638424,15.76130225617747,2.26886832724424,1.324023571050758,-1.14,11.9386105759037,0.0,0.0,39.02784531432067,28.906190624384493,6.923737199690624,0.0,71.06,11.9386105759037,19.31711625624085,15.799225944542682,0.0,0.0,0.8461538461538461,0,1.4883999999999995,2,0,0,0,0,0,5.5157
*CCOCCOCCOC(=O)CCCCCCC(=O)O*,288.34,264.148,288.157288488,16.46840903736402,2.51886832724424,1.5008002663473947,-1.14,11.9386105759037,0.0,0.0,45.448666937246685,28.906190624384493,6.923737199690624,0.0,71.06,11.9386105759037,19.31711625624085,15.870389018241104,0.0,0.0,0.8571428571428571,0,1.8785,2,0,0,0,0,0,6.184
*CCOCCOC(=O)CCCCS(=O)(=O)CCCCC(=O)O*,336.4060000000001,312.21400000000006,336.12427410799995,18.261302256177466,4.62891066688497,3.1653715433664305,-1.15,21.7758637123212,0.0,0.0,45.448666937246685,34.006580807001946,6.923737199690624,0.0,95.97,36.4720213768362,14.580253302440804,33.91726685574164,0.0,-3.1141043981974588,0.8571428571428571,0,1.2766999999999995,2,0,0,0,0,0,5.7504
*ON(C(F)(F)F)C(F)(C(*)(F)F)C(F)(F)F,249.03199999999995,249.03199999999995,248.9836176,14.284457050376172,1.136222242491016,0.4737342144859889,-0.7100000000000002,0.0,5.063217724965349,0.0,24.69467116446495,5.20725302477729,0.0,0.0,12.47,0.0,0.0,106.70527777777778,0.0,0.0,1.0,0,2.5743,0,0,1,9,0,0,7.0955
*C1(F)OC(C(F)(F)F)(C(F)(F)Cl)OC1(*)F,260.492,260.492,259.94750446,13.914213562373096,1.6163817263818694,0.9299171339529638,-0.28,11.600939890232516,0.0,0.0,30.060592134347377,9.473725907600098,0.0,0.0,18.46,0.0,0.0,93.59150462962964,0.0,0.0,1.0,0,2.4686000000000003,0,0,0,8,0,0,7.8208
*C1OC(C(F)(F)F)(C(F)(F)F)OC1(*)F,226.047,225.039,225.986476812,12.99156383156272,1.305158826995542,0.7248009827796064,-0.5700000000000001,0.0,0.0,0.0,31.104325889067663,9.473725907600098,0.0,0.0,18.46,0.0,0.0,92.204375,0.0,0.0,1.0,0,1.9021,0,0,0,7,0,0,8.0982
*CS*,46.094,44.078,45.987721064,3.414213562373095,0.0,0.0,0.35,12.628789148012991,0.0,0.0,0.0,0.0,0.0,0.0,0.0,0.0,0.0,1.5185185185185186,0.0,0.0,1.0,0,0.6907,0,0,0,0,0,0,4.8805
*CCCCCS*,102.202,92.122,102.05032132,6.242640687119286,0.933012701892219,0.4829629131445339,0.35,12.628789148012991,0.0,0.0,26.186202068468653,0.0,6.923737199690624,0.0,0.0,0.0,0.0,1.398066893424036,0.0,0.0,1.0,0,2.3218000000000005,0,0,0,0,0,0,4.989
*CCCCSCCS*,148.296,136.2,148.038042384,7.656854249492381,2.299038105676657,1.4488887394336016,0.7,24.39067409740411,0.0,0.0,19.765380445542643,0.0,6.923737199690624,0.0,0.0,0.0,0.0,1.3501911165700848,0.0,0.0,1.0,0,2.664900000000001,0,0,0,0,0,0,4.9438
*CCCCCCSCCS*,176.35,160.22199999999998,176.069342512,9.071067811865476,2.799038105676657,1.802442130026876,0.7,24.39067409740411,0.0,0.0,32.60702369139466,0.0,6.923737199690624,0.0,0.0,0.0,0.0,1.337337985086903,0.0,0.0,1.0,0,3.4451000000000027,0,0,0,0,0,0,5.0604
*CCCCCCSSCCCCSS*,268.53799999999995,248.378,268.04478464,11.899494936611667,5.299038105676656,3.9237624735865175,1.4,44.04249610416877,0.0,0.0,45.448666937246685,0.0,6.923737199690624,0.0,0.0,0.0,0.0,1.2773600650894883,0.0,6.315771078776614,1.0,0,5.5217000000000045,0,0,0,0,0,0,4.2836
*CCCCCCCCCCSCCCCCCS*,288.566,256.30999999999995,288.194543024,14.72792206135786,4.665063509461096,3.251330869460478,0.7,24.39067409740411,0.0,0.0,83.97359667480276,0.0,6.923737199690624,0.0,0.0,0.0,0.0,1.3156500205672157,0.0,0.0,1.0,0,6.565900000000006,0,0,0,0,0,0,5.52
*CCOC(=O)NCCSCCCCSCCNC(=O)O*,322.452,300.276,322.10209918399994,16.46840903736402,4.23228020300747,2.924169111342063,-0.76,35.71025004065906,10.633577208012662,0.0,19.765380445542643,9.843390348640757,6.923737199690624,0.0,76.66000000000001,12.18648014187683,9.843390348640757,5.025169165932898,0.0,0.0,0.8333333333333334,2,2.1173,2,0,0,0,0,0,5.1094
*CCCCCCOC(=O)NCCSCCSCCNC(=O)O*,350.5060000000001,324.29800000000006,350.13339931199994,17.88262259973711,4.760592366520437,3.287868658588238,-0.76,35.71025004065906,10.633577208012662,0.0,32.60702369139466,9.843390348640757,6.923737199690624,0.0,76.66000000000001,12.18648014187683,9.843390348640757,5.399908510496558,0.0,0.0,0.8571428571428571,2,2.897500000000001,2,0,0,0,0,0,4.7777
*CCCCCCOC(=O)NCCSCCCCCSCCNC(=O)O*,392.58700000000016,360.3310000000001,392.18034950399993,20.00394294329676,5.376617770304876,3.628730053496643,-0.76,35.71025004065906,10.633577208012662,0.0,51.8694885601727,9.843390348640757,6.923737199690624,0.0,76.66000000000001,12.18648014187683,9.843390348640757,5.448054002763067,0.0,0.0,0.8823529411764706,2,4.067800000000003,2,0,0,0,0,0,5.1327
*SC1CCCC(*)C1,114.213,104.13299999999998,114.05032132,6.69023444431199,1.792058439449146,1.214203800617776,0.35,12.628789148012991,0.0,0.0,37.35404614461223,0.0,6.4208216229260096,0.0,0.0,0.0,0.0,1.3450462962962964,0.0,0.0,1.0,0,2.4643000000000006,0,0,0,0,0,0,5.2199
*CC1CCC(COC(=O)NCCSCCCSCCNC(=O)O*)CC1,390.57100000000014,360.3310000000001,390.16469944,19.74442991930291,6.165580219309137,4.341118389141485,-0.76,35.71025004065906,10.633577208012662,11.835812092322788,39.02784531432067,9.843390348640757,6.923737199690624,0.0,76.66000000000001,12.18648014187683,9.843390348640757,5.617129147306399,0.0,0.0,0.8823529411764706,2,3.5336000000000016,2,0,0,0,0,0,5.0712
*CC1CCC(COC(=O)NCCSCCCCCSCCNC(=O)O*)CC1,418.6250000000002,384.3530000000001,418.19599956799993,21.158643481676,6.665580219309137,4.599937434244006,-0.76,35.71025004065906,10.633577208012662,11.835812092322788,51.8694885601727,9.843390348640757,6.923737199690624,0.0,76.66000000000001,12.18648014187683,9.843390348640757,5.6466651808880926,0.0,0.0,0.8947368421052632,2,4.313800000000003,2,0,0,0,0,0,5.4414
*Sc1ccc(*)cc1,108.16499999999998,104.13299999999998,108.003371128,6.69023444431199,0.9598151365902804,0.507685346072918,-0.43,18.6951562164746,0.0,0.0,4.895483475517775,0.0,0.0,0.0,0.0,0.0,0.0,0.9303703703703704,10.69601851851852,0.0,0.0,0,1.4176,0,0,0,0,0,0,3.1848
*CCc1ccc(Cc2ccc(CCS*)cc2)cc1,254.398,236.254,254.112921576,14.208896013370174,3.337727511336284,2.236818167190643,-1.21,12.628789148012991,0.0,0.0,26.186202068468653,19.26246486877803,6.923737199690624,0.0,0.0,0.0,0.0,1.081632527331585,18.475305932443376,0.0,0.2941176470588235,0,4.527500000000004,0,0,0,0,0,0,4.3552
*CCCC1CCN(C(=O)SSCCCCSSC(=O)N2CCC(*)CC2)CC1,448.7450000000003,416.4890000000002,448.134662264,20.89913045768216,9.425858177613971,7.27006902024068,0.3399999999999998,53.65401533189147,9.799819461700956,5.917906046161393,64.71113180602472,0.0,13.344558822616634,0.0,40.620000000000005,10.478423426344571,0.0,1.0462590135361485,0.0,6.274528615178915,0.8947368421052632,0,6.662800000000006,2,0,2,0,0,0,4.297
*CCCCCCCCCCOC(=O)CCC(=O)O*,256.342,232.14999999999995,256.167459248,15.05419547499092,2.69063556809208,1.6250194072404949,-1.06,11.9386105759037,0.0,0.0,71.13195342895074,19.432464716784395,6.923737199690624,0.0,52.60000000000001,24.780253821755714,9.843390348640757,5.354183460029974,0.0,0.0,0.8571428571428571,0,3.405700000000002,2,0,0,0,0,0,6.6201
*CCOC(=O)CCCCC(=O)O*,172.17999999999998,160.08399999999995,172.073558864,10.811554787871634,1.2748513913879471,0.7246793685588859,-1.06,11.9386105759037,0.0,0.0,32.60702369139466,19.432464716784395,6.923737199690624,0.0,52.60000000000001,11.9386105759037,9.843390348640757,5.025250094221956,0.0,0.0,0.75,0,1.0651,2,0,0,0,0,0,6.7769
*CCCCCCCCCCOC(=O)CCCCC(=O)O*,284.396,256.172,284.198759376,16.46840903736402,3.169188958685354,1.959570396603376,-1.06,11.9386105759037,0.0,0.0,83.97359667480276,19.432464716784395,6.923737199690624,0.0,52.60000000000001,11.9386105759037,9.843390348640757,5.542525628413675,0.0,0.0,0.875,0,4.185900000000003,2,0,0,0,0,0,6.718
*CCOC(=O)CCCCCCC(=O)O*,200.23399999999995,184.106,200.104858992,12.22576835024473,1.7748513913879471,1.0782327591521597,-1.06,11.9386105759037,0.0,0.0,45.448666937246685,19.432464716784395,6.923737199690624,0.0,52.60000000000001,11.9386105759037,9.843390348640757,5.132032968159827,0.0,0.0,0.8,0,1.8453,2,0,0,0,0,0,6.8383
*CCCOC(=O)CCCCCCC(=O)O*,214.261,196.117,214.120509056,12.932875131431278,1.9191889586853537,1.1504015428008627,-1.06,11.9386105759037,0.0,0.0,51.8694885601727,19.432464716784395,6.923737199690624,0.0,52.60000000000001,11.9386105759037,9.843390348640757,5.293627817144786,0.0,0.0,0.8181818181818182,0,2.2354000000000003,2,0,0,0,0,0,6.4907
*CCOC(=O)c1ccc(C(=O)O*)cc1,192.17,184.106,192.042258736,11.966255326250886,1.5894611216143304,0.9184244307915448,-1.84,11.9386105759037,0.0,0.0,6.923737199690624,9.843390348640757,6.923737199690624,0.0,52.60000000000001,11.9386105759037,9.843390348640757,4.928380264499943,6.371548563869991,0.0,0.2,0,1.4321,2,0,0,0,0,0,3.8637
*CCCCOC(=O)c1ccc(C(=O)O*)cc1,220.224,208.128,220.073558864,13.380468888623982,1.9837986889117365,1.0926552870562138,-1.84,11.9386105759037,0.0,0.0,19.765380445542643,9.843390348640757,6.923737199690624,0.0,52.60000000000001,11.9386105759037,9.843390348640757,5.221864097645087,6.408177437641723,0.0,0.3333333333333333,0,2.2123,2,0,0,0,0,0,4.0149
*CCCCCC(=O)S*,130.212,120.13199999999998,130.04523594,7.819990956308912,1.0850249857604997,0.5904518298914496,0.0199999999999999,17.744066078198713,0.0,0.0,32.60702369139466,4.794537184071822,6.923737199690624,0.0,17.07,0.0,0.0,0.8933664021164023,0.0,0.0,0.8333333333333334,0,2.2385,1,0,0,0,0,0,5.0001
*CC(=O)O*,58.036,56.02,58.005479304000005,4.99156383156272,0.0,0.0,-0.53,5.969305287951849,0.0,0.0,6.923737199690624,9.901064578912528,6.923737199690624,0.0,26.3,5.969305287951849,0.0,0.1643518518518519,0.0,0.0,0.5,0,-0.0385,1,0,0,0,0,0,6.5712
*CCCCCC(=O)O*,114.144,104.06399999999998,114.06807956,7.819990956308912,0.8809008405285682,0.4461142625940432,-0.53,5.969305287951849,0.0,0.0,32.60702369139466,9.901064578912528,6.923737199690624,0.0,26.3,5.969305287951849,5.106527394840706,0.4506580687830688,0.0,0.0,0.8333333333333334,0,1.5219,1,0,0,0,0,0,7.0558
*CCCCCCCCCCCC(=O)O*,198.306,176.12999999999997,198.161979944,12.0626316434282,2.380900840528568,1.506774434373864,-0.53,5.969305287951849,0.0,0.0,71.13195342895074,9.901064578912528,6.923737199690624,0.0,26.3,5.969305287951849,5.106527394840706,0.488683122656441,0.0,0.0,0.9166666666666666,0,3.8625000000000025,1,0,0,0,0,0,6.8377
*CCCCCCCCCCOC(=O)CCCCCCCCCCCCCCCCC(=O)O*,452.7200000000005,400.3040000000002,452.38656014399993,24.953690411602576,6.169188958685353,4.080890740163019,-1.06,11.9386105759037,0.0,0.0,161.02345614991492,19.432464716784395,6.923737199690624,0.0,52.60000000000001,11.9386105759037,9.843390348640757,5.807390035898996,0.0,0.0,0.9285714285714286,0,8.867100000000002,2,0,0,0,0,0,6.0542
*CC(C)C(C)COC(=O)c1ccc(C(=O)O*)cc1,248.278,232.14999999999995,248.104858992,15.12095586463014,2.805028614654334,1.1971263677302677,-1.84,11.9386105759037,0.0,11.835812092322788,20.771211599071872,9.843390348640757,6.923737199690624,0.0,52.60000000000001,11.9386105759037,9.843390348640757,5.320657681683426,6.436250472411187,0.0,0.4285714285714285,0,2.704300000000001,2,0,0,0,0,0,4.2335
*CC(CCC)C(CCC)COC(=O)c1ccc(C(=O)O*)cc1,304.386,280.194,304.167459248,17.949382989376325,3.770407117047885,2.440854414296416,-1.84,11.9386105759037,0.0,11.835812092322788,46.45449809077592,9.843390348640757,6.923737199690624,0.0,52.60000000000001,11.9386105759037,9.843390348640757,5.540292035424923,6.55057067271353,0.0,0.5555555555555556,0,4.264700000000004,2,0,0,0,0,0,4.4708
*CCC(=O)O*,72.063,68.031,72.021129368,5.698670612749268,0.2041241452319314,0.0,-0.53,5.969305287951849,0.0,0.0,13.344558822616634,9.901064578912528,6.923737199690624,0.0,26.3,5.969305287951849,0.0,0.3124537037037038,0.0,0.0,0.6666666666666666,0,0.3515999999999999,1,0,0,0,0,0,6.684
*CC(C)C(=O)O*,86.08999999999999,80.04199999999999,86.036779432,6.568914100752346,0.4023689270621826,0.0,-0.53,5.969305287951849,0.0,5.917906046161393,13.847474399381248,9.901064578912528,6.923737199690624,0.0,26.3,11.887211334113244,5.106527394840706,0.2388888888888888,0.0,0.0,0.75,0,0.5975999999999999,1,0,0,0,0,0,6.5897
*CCCOC(=O)CCCCCCCCCCC(=O)O*,270.3689999999999,244.161,270.183109312,15.76130225617747,2.919188958685354,1.8575083239874093,-1.06,11.9386105759037,0.0,0.0,77.55277505187675,19.432464716784395,6.923737199690624,0.0,52.60000000000001,11.9386105759037,9.843390348640757,5.397557794459623,0.0,0.0,0.8666666666666667,0,3.7958000000000034,2,0,0,0,0,0,6.3683
*OC(c1ccc(OC)cc1)C(C)(C)C(*)=O,206.241,192.129,206.094294308,13.05204176387779,2.3370728439631057,1.2488885663669729,-1.35,6.286160523129555,0.0,5.41499046939678,19.95144078712955,9.901064578912528,0.0,0.0,35.53,11.51895685714508,9.843390348640757,4.661346135676492,7.833632842025699,1.6496438938229612,0.4166666666666667,0,2.3193,1,0,0,0,0,0,4.5832
*CC1CCC(COC(=O)C2CCC(C(=O)O*)CC2)CC1,280.364,256.172,280.167459248,15.94938298937633,4.821467837467198,3.2808038260537264,-1.06,11.9386105759037,0.0,23.671624184645573,58.29031018309871,19.432464716784395,6.923737199690624,0.0,52.60000000000001,23.774422668226485,9.843390348640757,5.822397518058905,0.0,0.0,0.875,0,3.117500000000001,2,0,0,0,0,0,6.4924
*CC1CC1COC(=O)c1cccc(C(=O)O*)c1,232.235,220.13899999999995,232.073558864,13.828062645816686,2.831515051753983,1.5536220081122225,-1.84,11.9386105759037,0.0,11.835812092322788,13.344558822616634,9.843390348640757,6.923737199690624,0.0,52.60000000000001,11.9386105759037,9.843390348640757,5.34058443380413,6.56278766869721,0.0,0.3846153846153846,0,2.0682,2,0,0,0,0,0,4.4908
*OC(C)COC(=O)CCCCC(*)=O,186.207,172.09499999999997,186.089208928,11.681798275874712,1.388768627899993,0.7489754147710024,-0.9000000000000001,12.255465811081404,0.0,0.0,38.71099007914296,19.4324647167844,0.0,0.0,52.6,12.073271675700152,9.843390348640757,4.796505151494329,0.0,0.0,0.7777777777777778,0,1.0353,2,0,0,0,0,0,6.5974
*CCOC(=O)C1CCC(C(=O)O*)CC1,198.218,184.106,198.089208928,11.966255326250886,2.638167821165531,1.7832608714735123,-1.06,11.9386105759037,0.0,11.835812092322788,32.60702369139466,19.432464716784395,6.923737199690624,0.0,52.60000000000001,23.774422668226485,9.843390348640757,5.2219980418578,0.0,0.0,0.8,0,1.3111,2,0,0,0,0,0,6.4481
*Oc1ccc(CC(*)=O)cc1,134.134,128.08599999999998,134.036779432,8.974691494688164,1.1996447988905226,0.6906381763138129,-1.31,6.286160523129555,0.0,0.0,6.4208216229260096,11.21535880699783,0.0,0.0,26.3,0.0,5.106527394840706,-0.1360664682539683,7.86537037037037,0.0,0.125,0,1.1481,1,0,0,0,0,0,4.6878
*CC(CCl)(CCl)C(=O)O*,169.007,162.959,167.974484792,8.905777393935816,1.967797983788537,0.6487554067825599,0.0499999999999999,29.17118506841688,0.0,5.41499046939678,6.923737199690624,9.901064578912528,6.923737199690624,0.0,26.3,5.969305287951849,28.30840717530574,-0.1683719135802468,0.0,0.0,0.8,0,1.4254999999999998,1,0,0,2,0,0,6.1969
*CC(F)(F)C(F)(F)C(F)(F)COC(=O)CCCCC(=O)O*,322.2010000000001,310.105,322.06397818399995,18.31155478787164,2.3449702906153447,1.1401746582524217,-1.48,11.9386105759037,0.0,0.0,50.3746111956784,19.432464716784395,6.923737199690624,0.0,52.60000000000001,25.68328649170404,0.0,80.99426820790009,0.0,0.0,0.8181818181818182,0,2.971000000000001,2,0,0,6,0,0,6.2672
*CC(C)(C)COC(=O)CCCCC(=O)O*,214.2609999999999,196.117,214.120509056,13.311554787871636,1.6356953096314633,0.8867063407063278,-1.06,11.9386105759037,0.0,5.41499046939678,46.45449809077592,19.432464716784395,6.923737199690624,0.0,52.60000000000001,17.35360104530048,9.843390348640757,5.295392559380654,0.0,0.0,0.8181818181818182,0,2.0913,2,0,0,0,0,0,6.5878
*OC(C)CCOC(=O)CCCCS(=O)(=O)CCCCC(*)=O,320.4070000000001,296.21500000000003,320.129359488,17.71733218180745,4.679217521331187,3.1154376730653213,-0.9500000000000002,22.092718947498906,0.0,0.0,57.973454947921,29.2697178532019,0.0,0.0,86.74000000000001,29.99980051211974,9.843390348640757,28.382237287159576,0.0,-3.0616320148289407,0.8571428571428571,0,1.6204,2,0,0,0,0,0,6.2709
*CC(F)(F)C(F)(F)C(F)(F)COC(=O)CCCC(=O)O*,308.17400000000004,298.094,308.04832811999995,17.604448006685086,2.094970290615344,0.97856300590074,-1.48,11.9386105759037,0.0,0.0,43.95378957275239,19.432464716784395,6.923737199690624,0.0,52.60000000000001,12.84164324585202,0.0,80.63147470350614,0.0,0.0,0.8,0,2.5809000000000006,2,0,0,6,0,0,5.7563
*CCCCOC(=O)C1CCC(C(=O)O*)CC1,226.272,208.128,226.120509056,13.380468888623982,3.0325053884629374,1.9574917277381807,-1.06,11.9386105759037,0.0,11.835812092322788,45.448666937246685,19.432464716784395,6.923737199690624,0.0,52.60000000000001,23.774422668226485,9.843390348640757,5.496383059423248,0.0,0.0,0.8333333333333334,0,2.0913,2,0,0,0,0,0,6.5835
*OC(C)COC(=O)CCCCS(=O)(=O)CCCCC(*)=O,306.38000000000005,284.204,306.113709424,17.010225400620904,4.370819435468869,2.9870132851970355,-0.9500000000000002,22.092718947498906,0.0,0.0,51.552633324994986,29.2697178532019,0.0,0.0,86.74000000000001,36.606682476632656,9.843390348640757,28.20804745782888,0.0,-3.0618813728876417,0.8461538461538461,0,1.2302999999999995,2,0,0,0,0,0,6.4017
*Cc1ccc(C(=O)O*)cc1,134.134,128.08599999999998,134.036779432,8.974691494688164,1.1896380335841157,0.6408284278600322,-1.31,5.969305287951849,0.0,0.0,6.923737199690624,12.03026459453133,0.0,0.0,26.3,5.969305287951849,5.106527394840706,0.1582752267573695,7.778888888888888,0.0,0.125,0,1.357,1,0,0,0,0,0,3.7934
*CCC(=O)N*,71.079,66.039,71.03711378,5.698670612749268,0.2270620726159657,0.0,-0.53,5.907179729351506,5.733667477162185,0.0,13.344558822616634,4.794537184071822,6.923737199690624,0.0,29.1,0.0,0.0,0.6024537037037038,0.0,0.0,0.6666666666666666,1,-0.0754,1,0,0,0,0,0,6.2028
*CCCCCCNC(=O)CCCCCCCCCCC(=O)N*,310.482,276.21,310.262028328,17.88262259973711,3.806623014770545,2.4265239042200752,-1.06,11.814359458703011,11.050456081168516,0.0,96.8152399206548,9.589074368143644,6.923737199690624,0.0,58.2,11.814359458703011,0.0,0.6321169169167407,0.0,0.0,0.8888888888888888,2,4.112100000000003,2,0,0,0,0,0,6.3994
*CCCCCCC(=O)N*,127.187,114.08299999999998,127.099714036,8.52709773749546,1.1538387679126023,0.6391105218902952,-0.53,5.907179729351506,5.733667477162185,0.0,39.02784531432067,4.794537184071822,6.923737199690624,0.0,29.1,0.0,0.0,0.7276898305618543,0.0,0.0,0.8571428571428571,1,1.485,1,0,0,0,0,0,5.9361
*CC1CCC(CNC(=O)c2cc(C(=O)N*)cc(C(C)(C)C)c2)CC1,328.45600000000013,300.232,328.215078136,19.3196264773794,4.841036334363575,3.0974978064546743,-1.84,11.814359458703011,11.050456081168516,11.835812092322788,58.79322575986332,5.41499046939678,6.923737199690624,0.0,58.2,17.22934992809979,0.0,0.3117697552731958,5.60379273489899,0.0,0.6,2,3.682000000000003,2,0,0,0,0,0,5.1615
*CCC(C)C(C)CCNC(=O)c1cccc(C(=O)N*)c1,274.364,252.188,274.168127944,16.535169427003233,3.698931296989239,1.8861414216207428,-1.84,11.814359458703011,11.050456081168516,11.835812092322788,33.61285484492389,0.0,6.923737199690624,0.0,58.2,11.814359458703011,0.0,0.3409903491472617,6.933134621217337,0.0,0.5,2,2.6305000000000005,2,0,0,0,0,0,4.7199
*CC(=O)N*,57.052,54.028,57.021463716,4.99156383156272,0.0,0.0,-0.53,5.907179729351506,5.733667477162185,0.0,6.923737199690624,4.794537184071822,6.923737199690624,0.0,29.1,0.0,0.0,0.4768518518518518,0.0,0.0,0.5,1,-0.4654999999999999,1,0,0,0,0,0,5.7289
*Nc1cccc(C(*)=O)c1,119.12299999999998,114.08299999999996,119.03711378,8.267584713501616,0.9804222102882484,0.5826874442850372,-1.31,11.973546797813118,0.0,0.0,0.0,0.0,0.0,0.0,29.1,0.0,0.0,0.0219954648526077,7.81662037037037,0.0,0.0,1,1.2523,1,0,0,0,0,0,3.2399
*Cc1ccc(C(=O)N*)cc1,133.15,126.09399999999998,133.052763844,8.974691494688164,1.2161244706837644,0.6561203794493884,-1.31,5.907179729351506,5.733667477162185,0.0,6.923737199690624,6.923737199690624,0.0,0.0,29.1,5.907179729351506,0.0,0.4239002267573695,7.98388888888889,0.0,0.125,1,0.93,1,0,0,0,0,0,4.2448
*CCCCCCCCCCCNC(=O)c1ccc(C(=O)N*)cc1,316.44500000000005,288.221,316.215078136,18.330216356929814,3.871611401043739,2.439395621311,-1.84,11.814359458703011,11.050456081168516,0.0,64.71113180602472,0.0,6.923737199690624,0.0,58.2,11.814359458703011,0.0,0.492108946403097,6.885816028411183,0.0,0.5789473684210527,2,4.089000000000002,2,0,0,0,0,0,4.214
*CC1CCC(CNC(=O)CCCCCC(=O)N*)CC1,266.38499999999993,240.177,266.199428072,15.501789232183626,3.861910021873473,2.530060644560583,-1.06,11.814359458703011,11.050456081168516,11.835812092322788,64.71113180602472,9.589074368143644,6.923737199690624,0.0,58.2,11.814359458703011,0.0,0.5625969269647814,0.0,0.0,0.8666666666666667,2,2.4076000000000004,2,0,0,0,0,0,5.2823
*CC1CC1CNC(=O)C1CC1C(=O)N*,194.234,180.122,194.105527688,11.706742302257044,3.071497576677749,1.697617542977878,-1.06,11.814359458703011,11.050456081168516,23.671624184645573,19.765380445542643,9.589074368143644,6.923737199690624,0.0,58.2,23.6501715510258,0.0,0.458497209043295,0.0,0.0,0.8,2,-0.0771000000000001,2,0,0,0,0,0,5.6374
*NC(C)C(=O)NCC(=O)NCC(=O)NCC(*)=O,242.235,228.123,242.101504928,14.836498814253964,1.6202995589925244,0.7590188438263598,-1.96,24.00769971118408,21.684033289181176,0.0,12.965578028838586,19.178148736287287,0.0,0.0,116.4,37.86945029936675,0.0,-0.4641587113314345,-0.2785507288059601,0.0,0.5555555555555556,4,-3.1466999999999974,4,0,0,0,0,0,5.4756
*C(=O)c1ccc(C(=O)N2CCN(*)CC2)cc1,216.23999999999995,204.144,216.089877624,13.12095586463014,2.592977542394501,1.6729604180977706,-1.6800000000000002,12.19334025248106,10.216698334856808,0.0,0.0,0.0,0.0,0.0,40.620000000000005,12.19334025248106,0.0,-0.0124848945546995,7.155831758629378,0.0,0.3333333333333333,0,0.5982,2,0,2,0,0,1,4.7036
*NC(C)C(=O)NC(C)C(=O)NC(C(=O)NC(C(*)=O)C(C)C)C(C)C,340.4240000000001,312.20000000000005,340.211055376,20.60192981664245,3.483622716693396,1.7924155200615113,-1.96,24.00769971118408,21.684033289181176,11.835812092322788,65.70978651473558,19.178148736287287,0.0,0.0,116.4,35.97817290330331,0.0,-0.6324412446694678,-2.31207179548179,0.0,0.75,4,-0.7089999999999967,4,0,0,0,0,0,5.8867
*NC1CCCC1C(*)=O,111.144,102.07199999999996,111.068413908,7.560477932315068,1.6673337338648355,1.1011052412907243,-0.37,6.286160523129555,5.733667477162185,5.917906046161393,25.30430569792599,4.794537184071822,0.0,0.0,29.1,0.0,0.0,0.2800925925925925,0.6296296296296294,0.0,0.8333333333333334,1,0.2848999999999999,1,0,0,0,0,0,6.4002
*NNC(=O)C(=O)NNC(=O)CCCCCCCC(*)=O,270.289,252.14499999999995,270.132805056,16.08757566981053,2.3178877316801048,1.3155622472757602,-1.96,24.00769971118408,22.12004446159739,0.0,44.94575136048208,19.178148736287287,0.0,0.0,116.39999999999998,5.907179729351506,0.0,-0.3577459372342064,0.0,0.0,0.6363636363636364,4,-0.9745,4,0,0,0,0,0,3.7266
*CCCCCNC(=O)C(CCCCCCCCCCCC)C(=O)N*,338.536,300.232,338.293328456,19.459972868926737,4.455339731375086,2.853718178098753,-1.06,11.814359458703011,11.050456081168516,5.917906046161393,103.7389771203454,9.589074368143644,6.923737199690624,0.0,58.2,11.814359458703011,0.0,0.3404219796508437,0.0,0.0,0.9,2,4.748200000000004,2,0,0,0,0,0,6.2733
*CCCNC(=O)CCCCCCCC(=O)NCCCNC(=O)C(=O)N*,354.451,324.21100000000007,354.22670543999993,20.330216356929814,3.4741310595921764,2.10442280424296,-2.12,23.628718917406022,21.68403328918118,0.0,64.71113180602472,19.178148736287287,6.923737199690624,0.0,116.4,11.814359458703011,0.0,0.1513907826736428,0.0,0.0,0.7647058823529411,4,0.3940000000000013,4,0,0,0,0,0,4.6809
*Nc1ccc(-c2ccc(NC(=O)c3cc(C(*)=O)cc(S(=O)(=O)c4ccccc4)c3)cc2)cc1,454.50700000000006,436.3630000000002,454.098728056,25.001424753254103,6.760448660450871,4.64374942737196,-4.23,33.40536593826569,0.0,0.0,9.79096695103555,9.837253136417502,0.0,11.126902983393991,92.34,27.204030457559096,0.0,25.65263389072297,27.766220028264947,-3.870237579089996,0.0,2,5.004400000000003,2,0,0,0,0,0,2.4795
*CCOC(=O)NCCCCCCCCCCNC(=O)O*,286.372,260.164,286.189257312,16.46840903736402,2.8753849465516343,1.8352897515910207,-1.46,12.18648014187683,10.633577208012662,0.0,58.29031018309871,9.843390348640757,6.923737199690624,0.0,76.66000000000001,12.18648014187683,9.843390348640757,5.052116688641604,0.0,0.0,0.8571428571428571,2,2.991500000000001,2,0,0,0,0,0,6.6421
*CCCCCCOC(=O)NCCCNC(=O)O*,244.291,224.131,244.14230712,14.347088693804372,2.019722513849041,1.1408021743174617,-1.46,12.18648014187683,10.633577208012662,0.0,39.02784531432067,9.843390348640757,6.923737199690624,0.0,76.66000000000001,12.18648014187683,4.736862953800049,5.256163775616909,0.0,0.0,0.8181818181818182,2,1.8212,2,0,0,0,0,0,6.5954
*CC(F)(F)C(F)(F)C(F)(F)COC(=O)NCC(F)(F)C(F)(F)C(F)(F)C(F)(F)CNC(=O)O*,524.205,514.125,524.0417018800001,28.311554787871632,3.525838926481173,1.6131578660537045,-2.440000000000001,12.18648014187683,10.633577208012662,0.0,48.38144137635266,9.843390348640757,6.923737199690624,0.0,76.66000000000001,0.0,0.0,188.50048623133108,0.0,0.0,0.8461538461538461,2,4.317800000000001,2,0,0,14,0,0,6.4326
*CCCCCOC(=O)Nc1ccc(C)c(NC(=O)O*)c1,278.308,260.164,278.126657056,16.372032720186702,2.5981955649294863,1.5420256880327947,-2.24,23.56125269124396,0.0,0.0,33.10993926815928,9.843390348640757,6.923737199690624,0.0,76.66000000000001,0.0,9.843390348640757,5.196792748719329,5.28457248544505,0.0,0.4285714285714285,2,3.6942200000000014,2,0,0,0,0,0,4.5288
*CC1CC1COC(=O)Nc1ccc(C)c(NC(=O)O*)c1,276.29200000000003,260.164,276.111006992,16.11251969619286,3.218241027140992,1.795471243726407,-2.24,23.56125269124396,0.0,11.835812092322788,20.268296022307258,9.843390348640757,6.923737199690624,0.0,76.66000000000001,0.0,9.843390348640757,5.263961237334669,5.313702020549062,0.0,0.4285714285714285,2,3.160020000000001,2,0,0,0,0,0,4.7181
*C(=O)OCC(C)(C)COC(=O)N1CCN(*)CC1,242.27499999999995,224.131,242.126657056,14.466255326250886,2.422474053884328,1.4039150891718997,-1.3,12.56546093565488,10.216698334856808,5.41499046939678,13.847474399381248,9.473725907600098,0.0,0.0,59.080000000000005,24.58733336956457,9.473725907600098,10.252028670194983,0.0,0.0,0.8181818181818182,0,0.917,2,0,2,0,0,1,6.4401
*CC(C)(C)COC(=O)Nc1ccc(NC(=O)O*)cc1,264.281,248.153,264.111006992,15.880468888623984,1.97169979889356,1.169596964373368,-2.24,23.56125269124396,0.0,5.41499046939678,20.771211599071872,9.843390348640757,6.923737199690624,0.0,76.66000000000001,5.41499046939678,9.843390348640757,5.108934093190739,6.779973308767952,0.0,0.3846153846153846,2,3.2417000000000007,2,0,0,0,0,0,4.4894
*C(=O)OCCCCOC(=O)N1CCN(*)CC1,228.248,212.12,228.111006992,13.380468888623982,2.2394613519921083,1.3577493812986154,-1.3,12.56546093565488,10.216698334856808,0.0,12.84164324585202,9.473725907600098,0.0,0.0,59.080000000000005,12.56546093565488,9.473725907600098,10.03205248715017,0.0,0.0,0.8,0,0.671,2,0,2,0,0,1,6.4265
*CCOC(=O)Nc1ccc(C(C)(C)c2ccc(NC(=O)O*)cc2)cc1,340.3790000000001,320.2190000000001,340.14230712,19.863596551749417,3.93913173308386,2.471606756876491,-3.02,23.56125269124396,0.0,0.0,26.186202068468653,15.258380818037535,6.923737199690624,0.0,76.66000000000001,11.508230540335196,9.843390348640757,4.945699087728384,15.511765322022216,0.0,0.2631578947368421,2,4.541400000000003,2,0,0,0,0,0,4.3346
*C(=O)OC1CCC(OC(=O)N2CCN(*)CC2)CC1,254.28599999999992,236.142,254.126657056,14.535169427003234,3.417758660450652,2.342125100804864,-1.3,12.56546093565488,10.216698334856808,0.0,37.89121926720064,9.473725907600098,0.0,0.0,59.080000000000005,24.773393711151485,9.473725907600098,10.795901474212087,0.0,0.0,0.8333333333333334,0,1.202,2,0,2,0,0,1,6.2573
*CCCCCOC(=O)NC(=O)C1CC1C(=O)NC(=O)O*,284.26800000000003,268.14,284.100836232,16.535169427003233,2.7919981303793584,1.640904909630232,-2.12,24.00083960057984,10.633577208012662,11.835812092322788,32.60702369139466,19.432464716784395,6.923737199690624,0.0,110.8,0.0,4.736862953800049,4.774591770544481,0.0,0.0,0.6666666666666666,2,0.7303,4,0,0,0,0,0,5.4301
*c1ccc(Sc2ccc(-n3c(=O)c4cc5c(=O)n(*)c(=O)c5cc4c3=O)cc2)cc1,398.3990000000001,388.3190000000002,398.0361278,21.86107836170678,5.722602781567494,4.143239618831456,-3.709999999999999,39.37314887571191,9.551078168738565,0.0,9.79096695103555,0.0,0.0,27.232283132542747,78.14,32.6634306479632,0.0,0.6478136679098012,20.00435054349998,0.0,0.0,0,1.5397999999999998,0,0,2,0,0,0,2.3234
*OC(=O)c1ccc(C(*)=O)cc1,148.117,144.08499999999998,148.016043988,9.844934982691242,1.2384535700530246,0.6743520127395849,-1.64,12.255465811081404,0.0,0.0,0.0,5.106527394840706,0.0,0.0,43.370000000000005,12.255465811081404,5.106527394840706,-0.6267363473167045,6.696018518518519,0.0,0.0,0,0.9972,2,0,0,0,0,0,3.1295
*OC(=O)CCCCCCCCCCCCC(*)=O,240.3429999999999,216.15099999999995,240.172544628,14.347088693804372,2.909739608441171,1.880719913319204,-0.8600000000000001,12.255465811081404,0.0,0.0,77.04985947511214,14.69560176298435,0.0,0.0,43.370000000000005,5.969305287951849,5.106527394840706,-0.2396014133789867,0.0,0.0,0.8571428571428571,0,3.751000000000003,2,0,0,0,0,0,5.2681
*OC1C(C)(C)C(OC(*)=O)C1(C)C,170.20799999999997,156.09599999999998,170.094294308,11.146264369941973,2.868972092900785,2.4481950219947244,-0.5700000000000001,6.472220864716464,0.0,10.82998093879356,39.9028815742591,9.843390348640757,0.0,0.0,35.53,29.51013457900663,9.843390348640757,5.101994520030234,0.0,0.0,0.8888888888888888,0,1.9564,1,0,0,0,0,0,6.9495
*CCCCCOC(=O)O*,130.143,120.06299999999996,130.06299418,8.52709773749546,0.8642507701111299,0.4343408848946391,-0.73,6.155365629538759,0.0,0.0,26.186202068468653,9.843390348640757,6.923737199690624,0.0,35.53,0.0,4.736862953800049,5.059020455404384,0.0,0.0,0.8333333333333334,0,1.7418,1,0,0,0,0,0,7.123
*Oc1ccc(OC(*)=O)cc1,136.106,132.07399999999998,136.016043988,8.974691494688164,0.9832501699667509,0.5557978685053869,-1.5100000000000002,6.472220864716464,0.0,0.0,0.0,0.0,0.0,0.0,35.53,6.472220864716464,9.843390348640757,4.551637613378686,7.170925925925927,0.0,0.0,0,1.5778,1,0,0,0,0,0,4.3251
*c1cccc(-c2nc3cc4nc(*)c(-c5ccccc5)nc4cc3nc2-c2ccccc2)c1,408.4640000000001,392.3360000000002,408.137496512,23.07033885400645,5.350020398946583,3.7827143639095753,-4.439999999999999,34.330013510539736,19.93591408378884,0.0,0.0,0.0,0.0,55.83894133010141,51.56,0.0,19.93591408378884,-0.0311540299161532,34.97668141692442,0.0,0.0,0,4.923200000000003,0,0,4,0,0,0,1.9959
*CCCN*,57.096,50.04,57.057849224,4.82842712474619,0.1767766952966368,0.0,-0.04,0.0,5.733667477162185,0.0,13.344558822616634,0.0,6.923737199690624,0.0,12.03,0.0,0.0,1.2463888888888888,0.0,0.0,1.0,1,0.3979999999999999,0,0,0,0,0,0,6.381
*Oc1ccc(C(=O)c2ccc(*)cc2)cc1,196.205,188.141,196.052429496,12.25071237662706,2.0969271840644508,1.3112465469139043,-2.0899999999999994,11.84961201482655,0.0,0.0,0.0,0.0,0.0,0.0,26.3,5.783244946364939,5.106527394840706,0.1310366211069673,16.784863540840277,0.0,0.0,0,1.9353,1,0,0,0,0,0,3.1383
*CCc1ccc(-c2ccc(*)cc2)cc1,180.25,168.15399999999997,180.093900384,11.380468888623982,2.2941777539098296,1.443207044672815,-1.5599999999999996,6.06636706846161,0.0,0.0,13.344558822616634,6.4208216229260096,6.923737199690624,11.126902983393991,0.0,0.0,0.0,0.9194960287961732,19.76804533516293,0.0,0.1428571428571428,0,3.0383000000000013,0,0,0,0,0,0,3.7492
*CCC1CC(*)C2CCCC12,136.238,120.10999999999996,136.125200512,8.55204176387779,3.342729557889253,2.7516434869485646,0.0,0.0,0.0,17.75371813848418,45.448666937246685,0.0,13.344558822616634,0.0,0.0,0.0,0.0,1.389730725623583,0.0,0.0,1.0,0,3.118100000000002,0,0,0,0,0,0,7.4997
*C1C2CC(C)C(C2)C1*,108.18399999999998,96.08799999999998,108.093900384,7.300964908321225,2.610821704134719,2.0556852253034963,0.0,0.0,0.0,17.75371813848418,32.60702369139466,0.0,12.84164324585202,0.0,0.0,0.0,0.0,1.4278240740740742,0.0,0.0,1.0,0,2.3379000000000003,0,0,0,0,0,0,6.7713
*CCC1CC(*)C2C3CC(CC)C(C3)C12,190.33,168.15399999999997,190.172150704,11.284092571446669,5.419572906802636,4.869518954361462,0.0,0.0,0.0,35.50743627696836,52.372404136937305,0.0,13.344558822616634,0.0,0.0,0.0,0.0,1.3249833081380702,0.0,0.0,1.0,0,4.000200000000003,0,0,0,0,0,0,7.528
*CCC1CCC(*)C1,96.173,84.07699999999998,96.093900384,6.69023444431199,1.6872873928263246,1.08714660887947,0.0,0.0,0.0,5.917906046161393,39.02784531432067,0.0,13.344558822616634,0.0,0.0,0.0,0.0,1.4550462962962962,0.0,0.0,1.0,0,2.482,0,0,0,0,0,0,7.9915
*CC(*)OC(=O)OCC(F)(F)F,170.08599999999996,165.04599999999996,170.01907868,10.483127663125442,0.5332417097217265,0.2428193465533419,-0.9400000000000002,6.155365629538759,0.0,0.0,19.706917681647017,9.473725907600098,6.923737199690624,0.0,35.53,6.606881964512918,0.0,43.05951802248677,0.0,0.0,0.8,0,1.5449000000000002,1,0,0,3,0,0,7.9003
*C=C(*)C#N,51.048,50.04,51.010899032,4.99156383156272,0.0645497224367902,0.0,-0.77,0.0,0.0,0.0,0.0,0.0,0.0,0.0,23.79,0.0,5.261891554738487,0.6252314814814814,2.149305555555556,0.0,0.0,0,0.4499799999999999,0,0,1,0,0,0,0.5068
*C=C(*)F,44.028,43.02,44.006228252,4.284457050376173,0.0,0.0,-0.33,0.0,0.0,0.0,0.0,0.0,0.0,0.0,0.0,6.32978945618278,0.0,11.648148148148149,0.0,0.0,0.0,0,0.8533999999999999,0,0,0,0,0,0,0.3906
*CCCC(*)C#N,81.11800000000001,74.062,81.057849224,6.405777393935816,0.4397488054468655,0.166611795052756,-0.51,0.0,0.0,0.0,26.186202068468653,0.0,13.344558822616634,0.0,23.79,0.0,5.261891554738487,0.9618480725623584,2.338611111111111,0.0,0.8,0,1.59558,0,0,1,0,0,0,7.4859
*CC(*)(Cl)C#N,87.509,85.49300000000001,86.987576744,5.914213562373096,0.2058300797134869,0.0,-0.22,11.600939890232516,0.0,0.0,12.30082506789635,0.0,6.923737199690624,0.0,23.79,5.3770878682057255,16.862831444971,0.4161265432098765,2.130015432098765,0.0,0.6666666666666666,0,0.96198,0,0,1,1,0,0,5.8652
*C=CC(C)(C)CC(C#N)C*,135.20999999999998,122.10599999999998,135.104799416,9.612884175122364,1.4062577099411402,0.7487431064616977,-0.77,0.0,0.0,11.332896515558172,27.19203322199788,0.0,6.923737199690624,0.0,23.79,5.41499046939678,5.261891554738487,0.7942847694633408,2.415265022675737,0.0,0.6666666666666666,0,2.573080000000001,0,0,1,0,0,0,5.2738
*CC(*)CO,58.08,52.032,58.041864812,4.99156383156272,0.1290994448735805,0.0,-0.04,0.0,0.0,0.0,13.344558822616634,0.0,13.344558822616634,0.0,20.23,0.0,5.106527394840706,1.0997685185185184,0.0,0.0,1.0,1,0.2840999999999999,0,0,0,0,0,0,7.4192
*C#CC(=C(*)c1cnc2ccccc2c1)c1cnc2ccccc2c1,304.35200000000003,292.25600000000003,304.100048384,17.932510652501772,3.863971147766743,2.667075680734758,-3.4399999999999986,33.454974501065266,9.967957041894415,0.0,0.0,0.0,0.0,33.454974501065266,25.78,0.0,0.0,-0.0335382513376739,20.99999794941444,0.0,0.0,0,4.7108000000000025,0,0,2,0,0,0,0.5725
*C=CC1CC(*)C(C#N)(CC)C1,147.22099999999998,134.117,147.104799416,9.897341225498538,2.563507208119139,1.6171260541760806,-0.77,0.0,0.0,11.332896515558172,32.60702369139466,0.0,6.4208216229260096,0.0,23.79,5.41499046939678,0.0,0.7757577475434618,2.614269652305367,0.0,0.7,0,2.717180000000001,0,0,1,0,0,0,5.5315
*C=CC1CC(*)C(C#N)(CCC)C1,161.24799999999996,146.128,161.12044948,10.604448006685086,2.6287206301846138,1.955534085340528,-0.77,0.0,0.0,11.332896515558172,39.02784531432067,0.0,6.4208216229260096,0.0,23.79,5.41499046939678,0.0,0.7634467907533384,2.665519652305367,0.0,0.7272727272727273,0,3.107280000000002,0,0,1,0,0,0,5.8705
*C=CC1CC(*)C(C(=O)OCCNC(C)(C)C)C1,237.343,214.159,237.172878976,14.466255326250886,2.856661401031918,1.8919534833160647,-0.8300000000000001,5.969305287951849,5.316788604006331,11.835812092322788,45.57260172023325,9.53140013787187,6.4208216229260096,0.0,38.33,17.42613658649659,4.736862953800049,6.0603235290651005,0.0,0.0,0.7857142857142857,1,2.3447000000000005,1,0,0,0,0,0,4.7904
*CC(OCC)C(C#N)(C#N)C(*)(C#N)C(=O)OC,233.227,222.13899999999995,233.080041212,15.104448006685086,2.0991808033194785,1.16483703815339,-2.1,5.969305287951849,0.0,5.41499046939678,25.86934683329094,14.26826309167192,12.841643245852016,0.0,106.9,0.0,4.736862953800049,9.01394959372638,5.686222600151171,1.1658056972789117,0.6363636363636364,0,0.79724,1,0,3,0,0,0,5.4071
*CC(*)C(=O)NCCO,115.132,106.06,115.063328528,7.983127663125442,0.5964296610889575,0.251270303042884,-0.5700000000000001,5.907179729351506,5.316788604006331,0.0,13.344558822616634,4.794537184071822,13.344558822616634,0.0,49.33,12.514061693864424,5.106527394840706,0.5764356575963718,0.0,0.0,0.8,2,-0.5997000000000001,1,0,0,0,0,0,5.7124
*CC(*)(C)C(=O)OC1(C)CCOC(=O)C1,198.218,184.106,198.089208928,12.39734122549854,2.099792652519485,1.223531506510142,-1.06,11.9386105759037,0.0,0.0,45.13181170206897,19.06280027574374,12.841643245852016,0.0,52.6,24.277338244991103,9.473725907600098,10.607641723356007,0.0,0.0,0.8,0,1.3208,2,0,0,0,0,0,5.9976
*CC(*)(C)C(=O)OCCC1CCCCC1,196.2899999999999,176.12999999999997,196.14632988,12.018661569058184,2.832462425946096,1.9173045556701755,-0.53,5.969305287951849,0.0,5.917906046161393,58.29031018309871,9.53140013787187,12.841643245852016,0.0,26.3,11.887211334113244,4.736862953800049,5.903134082528022,0.0,0.0,0.9166666666666666,0,3.195500000000002,1,0,0,0,0,0,6.5993
*C1C2CC(C(=O)NCC(O)C(O)C(OC3OC(CO)C(O)C(O)C3O)C(O)CO)C(C2)C1*,463.4800000000001,430.2160000000002,463.20536087599993,25.31710828733677,6.537921942221877,4.595508016806783,-0.9300000000000004,5.907179729351506,5.316788604006331,17.75371813848418,80.80504432302567,14.26826309167192,12.84164324585202,0.0,209.4,18.36984218142548,9.473725907600098,11.076872579934404,0.0,0.0,0.95,9,-4.30569999999999,1,0,0,0,0,0,5.6407
*CC(*)C(=O)Nc1ccccc1Cl,181.622,173.558,181.029441556,10.55204176387779,1.6467096589377797,0.9293202459931058,-1.02,23.195505894267583,0.0,0.0,13.344558822616634,4.794537184071822,18.36719213635796,0.0,29.1,5.907179729351506,11.600939890232516,0.4769480662635423,7.380107001133787,0.0,0.2222222222222222,1,2.5839000000000008,1,0,0,0,0,0,4.2427
*CC(*)(C)C(=O)OCC(=O)N1CCCC1,197.23399999999992,182.11399999999995,197.10519334,12.181798275874714,2.133968704868507,1.308303584325152,-1.06,11.876485017303356,4.899909730850478,0.0,32.60702369139466,14.325937321943693,12.841643245852016,0.0,46.61000000000001,24.401273027977663,4.736862953800049,5.344262723607962,0.0,0.0,0.8,0,0.8474999999999999,2,0,1,0,0,0,5.3385
*CCCCCCC(Cl)C(*)Cl,181.106,166.994,180.047255808,9.397341225498538,2.14395031773644,1.0361793495361895,0.58,23.20187978046503,0.0,0.0,50.28493662749674,0.0,6.923737199690624,0.0,0.0,5.3770878682057255,23.20187978046503,0.915435886803281,0.0,0.0,1.0,0,3.6261000000000014,0,0,0,2,0,0,6.7965
*C(F)(F)C1(F)C(F)(F)C(*)(F)C(F)(F)C(F)(F)C(F)(F)C1(F)F,362.06,362.06,361.97764508,20.0,2.8600721777511944,1.531413309312521,-0.9800000000000004,0.0,0.0,0.0,47.87852579958805,0.0,0.0,0.0,0.0,0.0,0.0,180.9102777777778,0.0,0.0,1.0,0,4.242,0,0,0,14,0,0,7.543
*CCCCCCCCC(*)Cl,160.688,143.55199999999996,160.101878224,9.234204518682008,1.7814509805859196,1.0828993734270915,0.29,11.600939890232516,0.0,0.0,57.74949200514304,0.0,6.923737199690624,0.0,0.0,0.0,11.600939890232516,1.122174927745815,0.0,0.0,1.0,0,3.7989000000000033,0,0,0,1,0,0,6.86
*C1C=C(C(*)(C)C)C2CC=CCC12,160.25999999999996,144.13199999999998,160.125200512,10.344934982691242,2.981556367385407,2.293864422120384,-0.52,0.0,0.0,11.835812092322788,39.02784531432067,0.0,12.338727669087405,0.0,0.0,0.0,0.0,0.970564058956916,0.0,0.0,0.6666666666666666,0,3.594400000000002,0,0,0,0,0,0,4.8262
*C=CC1CC(*)C2CC=CC12,132.206,120.10999999999996,132.093900384,8.55204176387779,2.713520369787852,2.10220626664954,-0.52,0.0,0.0,17.75371813848418,19.26246486877803,0.0,6.4208216229260096,0.0,0.0,0.0,0.0,1.1111933106575964,0.0,0.0,0.6,0,2.599400000000001,0,0,0,0,0,0,5.6741
*c1ccc2c(c1)C(CC(CC)CCCC)(CC(CC)CCCC)c1cc(*)ccc1-2,388.6390000000001,348.31900000000013,388.31300128,22.43251065250177,7.410269726443809,5.662925629004168,-1.5599999999999996,12.13273413692322,0.0,11.835812092322788,97.31815549741938,5.41499046939678,0.0,11.126902983393991,0.0,5.41499046939678,0.0,0.4603671298638832,18.60601263962375,0.0,0.5862068965517241,0,7.515300000000009,0,0,0,0,0,0,2.85
*C=CC1CC(*)C2C3CCC(C3)C12,160.26,144.13199999999998,160.125200512,9.706742302257044,4.468849144358153,4.043309232435679,-0.26,0.0,0.0,29.589530230806965,32.10410811463005,0.0,6.4208216229260096,0.0,0.0,0.0,0.0,1.148495134164777,0.0,0.0,0.8333333333333334,0,3.0694000000000017,0,0,0,0,0,0,5.7656
*OC1C(CO)OC(*)C(O)C1O,162.141,152.06099999999998,162.05282342,10.008071689507773,1.6256742665476047,0.9005320412859213,-0.2,0.0,0.0,0.0,31.02274751550613,9.843390348640757,0.0,0.0,79.15,13.213763929025836,14.94991774348146,4.869675925925927,0.0,0.0,1.0,3,-2.1758,0,0,0,0,0,0,7.4757
*ON(C(F)(F)F)C(F)(Cl)C(*)(F)F,215.48,215.48,214.95726062,11.784457050376172,1.0091018920082009,0.3318105293081642,-0.21,11.600939890232516,5.063217724965349,0.0,17.977554469065808,5.20725302477729,0.0,0.0,12.47,0.0,0.0,70.34001543209877,0.0,0.0,1.0,0,2.2083,0,0,1,7,0,0,6.6835
*OC(F)(F)C(F)(F)C(*)(F)F,166.01999999999998,166.01999999999998,165.98533394,10.207106781186548,0.602879233507928,0.1100044089190943,-0.46,0.0,0.0,0.0,18.45656342263525,5.106527394840706,0.0,0.0,9.23,0.0,0.0,68.85069444444446,0.0,0.0,1.0,0,1.8375,0,0,0,6,0,0,9.1214
*Cc1ccc(CO*)cc1,120.15099999999998,112.08699999999996,120.057514876,8.104448006685086,1.1896380335841157,0.6354885061014401,-0.8200000000000001,0.0,0.0,0.0,13.530619164203545,18.637146559044247,0.0,0.0,9.23,0.0,5.106527394840706,0.6489451058201058,8.861759259259259,0.0,0.25,0,1.7168,0,0,0,0,0,0,4.8019
*CCOCCOC(=O)O*,132.11499999999998,124.05099999999996,132.042258736,8.52709773749546,0.59192167074187,0.2859876377148446,-0.77,6.155365629538759,0.0,0.0,6.923737199690624,14.580253302440804,6.923737199690624,0.0,44.760000000000005,0.0,4.736862953800049,9.896030092592593,0.0,0.0,0.8,0,0.5881000000000001,1,0,0,0,0,0,6.6617
*OC(=O)OC1COC2C(*)COC12,172.136,164.07199999999995,172.037173356,10.129392033067417,2.007981599929249,1.497701582946664,-0.81,6.155365629538759,0.0,0.0,24.73272078617092,19.31711625624085,6.4208216229260096,0.0,53.99000000000001,18.31189916324491,14.210588861400147,16.09926776266062,0.0,0.0,0.8571428571428571,0,0.1078999999999998,1,0,0,0,0,0,6.6786
*CCC(O*)(C(F)(F)F)C(F)(F)F,194.074,190.042,194.016634068,11.621320343559642,1.26788231518466,0.4441876404712059,-0.46,0.0,0.0,0.0,31.298206668487268,5.106527394840706,6.923737199690624,0.0,9.23,6.923737199690624,0.0,71.78979166666669,0.0,0.0,1.0,0,2.688400000000001,0,0,0,6,0,0,8.3878
*OC(=O)OCCCCCCCCCCOC(=O)OC1COC2C(*)COC12,372.4140000000001,344.1900000000001,372.1784178559999,20.19202367649561,4.486483140151511,3.1075108247944776,-1.54,12.310731259077516,0.0,0.0,76.099293769579,28.79084216384095,6.4208216229260096,0.0,89.52000000000001,18.31189916324491,23.684314769000245,26.664704287609425,0.0,0.0,0.8888888888888888,0,3.3819000000000026,2,0,0,0,0,0,6.1689
*OC(=O)OCCOCCOC(=O)OC1COC2C(*)COC12,304.25100000000003,288.123,304.079432092,16.656489770562878,2.903149806818176,2.001635476632376,-1.58,12.310731259077516,0.0,0.0,24.73272078617092,33.527705117641,6.4208216229260096,0.0,98.75,38.63546063354828,23.684314769000245,30.947326871489302,0.0,0.0,0.8333333333333334,0,0.2776999999999996,2,0,0,0,0,0,6.5378
*c1ccc(-c2ccc(-c3ccc(-c4ccc(*)n4CCCCCCCCCCCC)s3)s2)s1,479.7800000000004,446.5160000000001,479.17751305600007,23.75250160881067,9.300545300922746,6.982213010608156,-1.6199999999999992,45.5872639758832,4.567099647791355,0.0,77.67670983486332,6.544756405912575,0.0,30.07966396335496,4.93,0.0,0.0,3.1744723339821386,18.77581598727293,0.0,0.4285714285714285,0,8.9437,0,0,1,0,0,0,2.1442
*c1cccc(-c2ccc(-c3ccc(*)s3)s2)n1,241.34,234.284,241.001991224,12.535169427003234,4.282882235796716,3.158976575849708,-1.4499999999999995,34.250478097948466,4.9839785209472085,0.0,0.0,0.0,0.0,20.32536957595236,12.89,0.0,4.9839785209472085,0.5359819888571692,15.416500925604913,0.0,0.0,0,2.8878000000000013,0,0,1,0,0,0,2.0464
*c1cc(C#N)c(*)s1,107.137,106.129,106.982970032,6.8533711511285205,1.1013052929094993,0.707616821258426,-0.8099999999999998,22.09691141886657,0.0,0.0,0.0,0.0,0.0,0.0,23.79,0.0,5.261891554738487,0.6161574074074075,4.319259259259259,0.0,0.0,0,-0.0310199999999999,0,0,1,0,0,0,1.0894
*C=c1ccc(=c2ccc(=Cc3ccc(*)s3)s2)s1,272.419,264.355,271.978813256,13.242276208189782,5.159369929357245,4.012212242476989,-1.1599999999999997,52.045376194702506,0.0,0.0,0.0,0.0,0.0,12.654955790432378,0.0,0.0,0.0,6.363942771093745,13.581369408109126,0.0,0.0,0,2.448780000000001,0,0,0,0,0,0,1.224
*c1cc2c(s1)-c1sc(*)cc1C2CCCCCCN,275.442,258.3059999999999,275.08024154400005,14.11251969619286,5.567705649125871,4.666793029838362,-0.6400000000000001,33.433697296801306,0.0,5.733667477162185,38.02201416079144,0.0,0.0,9.7542943874026,26.02,0.0,5.733667477162185,0.7251442988428919,5.109472946586042,0.0,0.4666666666666667,2,3.180300000000001,0,0,0,0,0,0,1.3223
*c1cc(-c2sc(-c3cc(C)c(*)s3)cc2C)c2cccccc1-2,318.466,304.35400000000004,318.053692448,16.844570503761737,6.18979843120464,4.795894070230938,-1.9,34.120001594797,0.0,0.0,13.847474399381248,0.0,0.0,31.321796056194884,0.0,0.0,0.0,0.4841835264102578,19.961674826062453,0.0,0.1,0,5.214440000000003,0,0,0,0,0,0,1.3327
*CCCCCOC(=O)CC(=O)O*,172.17999999999998,160.08399999999995,172.073558864,10.811554787871634,1.19606241222303,0.6337251683824163,-1.06,11.9386105759037,0.0,0.0,32.60702369139466,19.432464716784395,6.923737199690624,0.0,52.60000000000001,6.4208216229260096,4.736862953800049,5.003776092584263,0.0,0.0,0.75,0,1.0651,2,0,0,0,0,0,6.4679
*OC(CC(C)C)C(*)=O,114.144,104.06399999999998,114.06807956,8.146264369941973,0.8169265516195295,0.47626487255786,-0.37,6.286160523129555,0.0,5.917906046161393,26.37226241005556,9.901064578912528,0.0,0.0,26.3,6.103966387748303,5.106527394840706,-0.1706018518518517,0.0,0.0,0.8333333333333334,0,0.9579,1,0,0,0,0,0,5.8529
*Oc1ccc(C2(c3ccc(OC(=O)c4cccc(C(*)=O)c4)c(C)c3)c3ccccc3-c3ccccc32)cc1C,508.57300000000026,484.3810000000004,508.167459248,28.725039392385703,7.586985516748081,5.772019183969552,-4.959999999999998,12.255465811081404,0.0,0.0,19.26246486877803,5.41499046939678,0.0,11.126902983393991,52.6,6.286160523129555,9.843390348640757,5.170949215202734,36.74427715142288,0.0,0.0857142857142857,0,7.418340000000007,2,0,0,0,0,0,3.0176
*OC(CC(*)=O)C1CO1,114.09999999999998,108.05199999999998,114.031694052,7.560477932315068,1.058306865213064,0.4837848082456081,-0.41,6.286160523129555,0.0,0.0,18.62875439842261,14.637927532712578,0.0,0.0,38.83,12.207932775496603,9.843390348640757,4.919120370370371,0.0,0.0,0.8,0,-0.2993000000000001,1,0,0,0,0,0,6.1493
*Oc1ccc(-c2ccc(C(*)=O)cc2)cc1,196.205,188.141,196.052429496,12.25071237662706,2.1904009192718807,1.3781053446296785,-2.09,6.286160523129555,0.0,0.0,0.0,0.0,0.0,11.126902983393991,26.3,0.0,5.106527394840706,-0.2737829178197146,15.986698318216176,0.0,0.0,0,2.886200000000001,1,0,0,0,0,0,3.0847
*OC(CCCCCCC=C)CC(*)=O,182.263,164.11899999999997,182.130679816,11.518661569058182,1.9953519450895567,1.209245321703066,-0.6300000000000001,6.286160523129555,0.0,0.0,51.04971774823038,9.901064578912528,0.0,0.0,26.3,0.0,5.106527394840706,-0.0974314899666632,0.0,0.0,0.7272727272727273,0,2.828500000000001,1,0,0,0,0,0,5.5852
*CCC(C)CC(=O)O*,114.144,104.06399999999998,114.06807956,7.983127663125442,1.007927659022749,0.3865798694803903,-0.53,5.969305287951849,0.0,5.917906046161393,26.689117645233267,9.901064578912528,6.923737199690624,0.0,26.3,5.969305287951849,5.106527394840706,0.3760950491307635,0.0,0.0,0.8333333333333334,0,1.3778,1,0,0,0,0,0,6.7489
*Oc1ccc(OC(=O)c2ccc(C(*)=O)cc2)cc1C1CCCCCCC1,350.4140000000003,328.2380000000001,350.151809184,19.932510652501765,4.97525381167365,3.516531283970227,-2.62,12.255465811081404,0.0,0.0,50.86365740664347,0.0,0.0,0.0,52.6,6.286160523129555,9.843390348640757,5.08128348303934,12.557114373994889,0.0,0.3636363636363636,0,5.266300000000004,2,0,0,0,0,0,3.1917
*CCOC(=O)C1C2C=CC(C2)C1C(=O)O*,208.213,196.117,208.073558864,12.41384908344359,3.247916572758897,2.661716780615614,-1.32,11.9386105759037,0.0,23.671624184645573,13.344558822616634,19.432464716784395,6.923737199690624,0.0,52.60000000000001,35.61023476054927,9.843390348640757,5.146724143361048,0.0,0.0,0.6363636363636364,0,0.943,2,0,0,0,0,0,5.3661
*Nc1ccc(Cc2ccc(NC(=O)c3cc(C(*)=O)cc(N4C(=O)C=CC4=O)c3)cc2)cc1,423.4280000000001,406.2920000000002,423.121906024,24.241911729260263,4.939262108258417,3.3525205818999098,-4.52,41.06985853523476,0.0,0.0,6.4208216229260096,16.00989599106965,0.0,0.0,95.57999999999998,17.536998289510112,0.0,-0.5302877711148914,20.43495720074449,0.0,0.04,2,3.5248000000000017,4,0,1,0,0,0,2.0738
*Nc1ccc(Br)cc1-c1ccc(NC(=O)c2ccc(C(*)=O)cc2)cc1,393.2400000000001,380.1360000000002,392.016039756,19.38854057813175,4.1935800604192135,2.7424208576355262,-2.9199999999999995,39.49805669979753,0.0,0.0,0.0,0.0,0.0,11.126902983393991,58.2,12.19334025248106,0.0,0.729787742348285,20.88298720335326,0.0,0.0,2,4.934100000000004,2,0,0,0,0,0,2.9894
*Nc1ccc(NC(=O)c2cc(NC(=O)c3ccncc3)cc(C(*)=O)c2)cc1,358.3570000000001,344.2450000000001,358.106590308,20.802754140504845,3.65619916181214,2.353155768446813,-4.0,35.16267880588325,4.9839785209472085,0.0,0.0,0.0,0.0,0.0,100.19,18.10051998183257,0.0,-0.5228108506177562,15.3965106480446,0.0,0.0,3,3.1519000000000013,3,0,1,0,0,0,2.9949
*CCCCCNC(=S)N*,144.24300000000002,132.147,144.072119384,8.52709773749546,1.1066713938910648,0.6057581518689038,-0.31,17.330310327771453,11.050456081168516,0.0,26.186202068468653,0.0,6.923737199690624,0.0,24.06,0.0,12.217873443046695,0.8942672640043672,0.0,0.0,0.8333333333333334,2,1.0527,0,1,0,0,0,0,4.3365
*C=CC1CC(*)C2C(=O)N(CCCCCCCCC)C(=O)C12,289.4189999999999,262.203,289.20417910400005,16.81962647737941,4.845182806412019,3.56861713224491,-1.12,11.814359458703011,4.899909730850478,17.75371813848418,64.71113180602472,9.589074368143644,6.4208216229260096,0.0,37.38,23.6501715510258,0.0,0.4001309797825262,0.0,0.0,0.7777777777777778,0,3.7589000000000032,2,0,1,0,0,0,5.104
*Oc1c(Cl)cc(C2(c3cc(Cl)c(OC(*)=O)c(Cl)c3)CC3CCC2C3)cc1Cl,444.1410000000002,430.0290000000002,441.969705028,20.92192077295136,7.142358560236827,6.02907377326423,-1.13,52.87598042564653,0.0,11.835812092322788,31.09827696110082,5.41499046939678,20.090533254965305,0.0,35.53,17.63672316739715,56.24714990957082,4.410671938476443,7.777884332745444,0.0,0.35,0,7.297500000000002,1,0,0,0,0,0,4.6838
*OC1CCC(OC(=O)OCCCCCOC(*)=O)CC1,272.297,252.137,272.12598836,15.501789232183626,3.0537021217070768,1.9704381747454296,-1.3,12.627586494255224,0.0,0.0,57.15368413597868,19.31711625624085,0.0,0.0,71.06,12.576187252464766,19.31711625624085,14.938546576636512,0.0,0.0,0.8461538461538461,0,2.7879000000000014,2,0,0,0,0,0,6.0614
*OC1CCC(OC(=O)OCCCCCCOC(*)=O)CC1,286.324,264.148,286.141638424,16.208896013370172,3.3037021217070768,2.147214870042066,-1.3,12.627586494255224,0.0,0.0,63.57450575890469,19.31711625624085,0.0,0.0,71.06,12.576187252464766,19.31711625624085,15.042120585803383,0.0,0.0,0.8571428571428571,0,3.1780000000000017,2,0,0,0,0,0,7.0127
*Oc1ccc(C(CC)c2ccc(OC(*)=O)cc2)cc1,254.28500000000005,240.173,254.094294308,15.242276208189782,3.132703340141147,2.18027938630294,-2.29,6.472220864716464,0.0,0.0,19.262464868778025,0.0,0.0,0.0,35.53,6.472220864716464,9.843390348640757,4.731591537280917,16.250729955536954,0.0,0.1875,0,4.119700000000003,1,0,0,0,0,0,4.7325
*Nc1ccc(*)cc1,91.113,86.07299999999998,91.04219916,6.69023444431199,0.7182335127930841,0.3868945341743198,-0.98,11.753753343145172,0.0,0.0,0.0,0.0,0.0,0.0,12.03,0.0,0.0,0.7451851851851852,10.437870370370373,0.0,0.0,1,0.7373999999999998,0,0,0,0,0,0,2.3603
*c1cccc(*)n1,77.08600000000001,74.062,77.026549096,5.983127663125442,0.4706207331034419,0.2459822178898454,-0.8500000000000001,12.393687143226153,4.9839785209472085,0.0,0.0,0.0,0.0,0.0,12.89,0.0,0.0,0.7116666666666667,6.424907407407407,0.0,0.0,0,-0.5692000000000002,0,0,1,0,0,0,2.9424
*C=Cc1ccc(*)n1CCCCCC,175.27499999999995,158.13899999999998,175.136099544,11.096011838247808,2.202174738227813,1.412999702861835,-0.98,12.272863678446956,4.567099647791355,0.0,39.15178009730724,6.544756405912575,0.0,6.076020106833881,4.93,0.0,0.0,3.3267208924432947,4.648440570672713,0.0,0.5,0,2.763000000000001,0,0,1,0,0,0,1.3683
*c1ccc(*)n1CCC(=O)OC(C)C(=O)OCC,237.255,222.135,237.10010796,14.41384908344359,2.0103588264513665,1.1877579839476111,-1.7799999999999998,24.332297719129848,4.567099647791355,0.0,32.917018815968135,25.60755668165632,0.0,0.0,57.53,5.969305287951849,9.473725907600098,12.39242751459833,4.351003607850649,0.0,0.5,0,-0.2778000000000002,2,0,1,0,0,0,2.05
*C(C#N)=C(c1ccccc1)c1ccc(*)cc1,203.244,194.172,203.073499288,12.957819157813608,2.250274549768845,1.525286653461895,-2.3299999999999987,11.63947159853088,0.0,0.0,0.0,0.0,0.0,5.573104530069267,23.79,0.0,0.0,0.154242331191736,22.9096164808516,0.0,0.0,0,2.693480000000001,0,0,1,0,0,0,2.5883
*CC(*)(F)C(=O)OCCC(F)(F)C(F)(F)C(F)(F)C(F)(F)C(F)(F)C(F)(F)C(F)(F)C(F)(F)F,536.153,530.105,536.0080373920001,28.90577739393581,3.6577764909495167,1.7035844108240406,-1.7900000000000011,5.969305287951849,0.0,0.0,67.15023691223244,9.53140013787187,6.923737199690624,0.0,26.3,6.923737199690624,0.0,237.4422881730433,0.0,0.0,0.9230769230769232,0,6.111800000000002,1,0,0,18,0,0,5.7714
*CC(*)(F)C#N,71.054,69.038,71.017127284,5.914213562373096,0.1213146542406353,0.0,-0.5800000000000001,0.0,0.0,0.0,13.095412595200916,0.0,6.923737199690624,0.0,23.79,0.0,5.261891554738487,12.102083333333333,1.6979166666666663,0.0,0.6666666666666666,0,0.69268,0,0,1,1,0,0,7.0615
*CC(*)(F)C(=O)OCC(F)(F)C(F)(F)C(F)(F)F,272.09099999999995,268.0589999999999,272.008355128,15.69867061274927,1.4214197248195928,0.5324989985879888,-1.0900000000000003,5.969305287951849,0.0,0.0,31.116769448833544,9.53140013787187,6.923737199690624,0.0,26.3,6.923737199690624,0.0,100.50263707797934,0.0,0.0,0.8571428571428571,0,2.5452000000000004,1,0,0,8,0,0,6.2862
*CC(CC(CC(CC(*)c1ccccc1)c1ccccc1)c1ccccc1)c1ccccc1,416.6080000000001,384.3520000000002,416.250401024,23.58936490199414,6.388645902935892,4.602827312627496,-3.1199999999999983,0.0,0.0,0.0,50.36074182987885,0.0,6.923737199690624,0.0,0.0,0.0,0.0,0.5664924958268073,45.33856708524468,0.0,0.25,0,8.766300000000003,0,0,0,0,0,0,4.8255
*c1ccc(-c2ccc(*)s2)s1,164.254,160.22199999999998,163.975442128,8.55204176387779,2.9750096372221115,2.1328566401831344,-0.6000000000000001,33.433697296801306,0.0,0.0,0.0,0.0,0.0,9.7542943874026,0.0,0.0,0.0,0.8277135298563869,9.194242252456538,0.0,0.0,0,1.8258,0,0,0,0,0,0,0.9894
*c1ccc2oc(-c3ccc4nc(*)oc4c3)nc2c1,234.214,228.166,234.042927432,13.689869965382488,2.760519920408656,1.8833259337683776,-2.62,34.65944828576914,9.967957041894415,0.0,0.0,0.0,0.0,33.65361713223991,52.06,0.0,8.834301874106695,11.681526760510344,13.632199505707804,0.0,0.0,0,1.9852,0,0,2,0,0,0,2.5367
*Cc1ccc(C*)cc1,104.152,96.08799999999998,104.062600256,7.397341225498538,1.0229713669174492,0.5392634612365024,-0.78,0.0,0.0,0.0,13.847474399381248,13.847474399381248,0.0,0.0,0.0,0.0,0.0,1.1344066515495088,9.238703703703704,0.0,0.25,0,1.7852,0,0,0,0,0,0,2.5648
*CCCOC(=O)CCCCCCCCOC(=O)CCCOC(=O)CCCCCCCCOC(*)=O,484.6300000000005,440.2780000000003,484.3036183679999,26.69417738760873,5.170189559482608,3.261873696299648,-2.12,24.38013672857201,0.0,0.0,116.07770478943284,33.33106336741566,6.923737199690624,0.0,105.20000000000002,37.40784031601094,18.9474518152002,20.69836316562232,0.0,0.0,0.8461538461538461,0,5.901200000000006,4,0,0,0,0,0,6.5329
*CC(CC(CC(*)c1ccccn1)c1ccccn1)c1ccccn1,315.42,294.252,315.17354767200004,18.19202367649561,4.0804053196374985,2.796543146182726,-2.55,0.0,14.951935562841626,0.0,38.02201416079144,0.0,6.923737199690624,0.0,38.67,0.0,4.9839785209472085,0.5058502386262126,18.99162420562042,0.0,0.2857142857142857,0,4.7774000000000045,0,0,3,0,0,0,4.5101
*C(=S)c1ccc(-c2ccc(-c3ccc(*)s3)s2)s1,290.459,284.41099999999994,289.935234192,13.405412915006313,5.893087397607672,4.328113113141338,-0.8099999999999998,56.97577674283306,0.0,0.0,0.0,0.0,0.0,19.5085887748052,0.0,0.0,12.217873443046695,0.4995114474470534,13.507292543815812,0.0,0.0,0,4.604500000000002,0,1,0,0,0,0,0.75
*Oc1ccc(-c2ccc(-c3ccc(*)s3)s2)s1,262.38,256.332,261.958077812,12.535169427003234,5.297925641797731,4.000638946269105,-1.1,39.39042040427013,0.0,0.0,0.0,0.0,0.0,19.5085887748052,9.23,0.0,5.106527394840706,0.34084141377702,13.321026913469192,0.0,0.0,0,4.222800000000001,0,0,0,0,0,0,1.8638
*C(=S)Oc1ccc(-c2ccc(*)s2)s1,224.331,220.299,223.942427748,10.836498814253964,3.476976584064968,2.6233286981484665,-0.71,45.825051206485234,0.0,0.0,0.0,0.0,0.0,9.7542943874026,9.23,0.0,16.954736396846744,5.879529819643906,8.622095038632736,0.0,0.0,0,2.8642000000000003,0,1,0,0,0,0,1.9834
*Oc1ccc(C(=S)c2ccc(*)s2)s1,224.331,220.299,223.942427748,10.836498814253964,3.91024147077806,2.670914178762837,-0.71,45.13607528813371,0.0,0.0,0.0,0.0,0.0,0.0,9.23,0.0,17.324400837887403,0.2957911050222559,8.478328058075082,0.0,0.0,0,2.5936000000000003,0,1,0,0,0,0,2.3041
*C(=S)OC(=S)c1ccc(*)s1,186.282,184.266,185.926777684,9.137828201504696,2.118294753351251,1.3340040323561566,-0.32,51.75676643193572,0.0,0.0,0.0,4.736862953800049,0.0,0.0,9.23,0.0,29.17260983989344,5.561130952380953,4.175144557823129,0.0,0.0,0,1.4489999999999998,0,2,0,0,0,0,1.7517
*Oc1ccc(Oc2ccc(*)s2)s1,196.252,192.22,195.965271368,9.966255326250886,2.6372453042106296,1.9147129348670373,-1.0,28.05363452633539,0.0,0.0,0.0,0.0,0.0,0.0,18.46,0.0,9.843390348640757,6.006509170026035,8.183420650667674,0.0,0.0,0,2.6196,0,0,0,0,0,0,4.047
*OC(=S)Oc1ccc(*)s1,158.20299999999995,156.18699999999998,157.949621304,8.267584713501616,1.3887686278999931,1.0133697185693784,-0.6100000000000001,34.17141009337279,0.0,0.0,0.0,5.106527394840706,0.0,0.0,18.46,0.0,22.06126379168745,5.38248866213152,4.058695200302343,0.0,0.0,0,1.0673,0,1,0,0,0,0,3.0437
*c1ccc(-c2ccc(-c3ccc(-c4ccc(*)s4)s3)s2)cc1,322.479,312.399,321.99446332,15.81119030894213,6.579764272364057,4.998796504958135,-1.6799999999999993,45.45678747273174,0.0,0.0,0.0,0.0,0.0,29.94918746020349,0.0,0.0,0.0,0.6426557212644042,24.40871660840352,0.0,0.0,0,5.221300000000002,0,0,0,0,0,0,1.1128
*Oc1ccc(-c2ccc(-c3ccc(*)cc3)s2)s1,256.351,248.287,256.001656876,13.242276208189782,4.642931031276396,3.4683931479135506,-1.5799999999999996,28.739938824331084,0.0,0.0,0.0,0.0,0.0,20.19489307280089,9.23,0.0,5.106527394840706,0.3080820583003123,19.31616949358562,0.0,0.0,0,4.1613000000000016,0,0,0,0,0,0,1.9403
*c1ccc(-c2ccc(-c3ccc(-c4ccc(*)s4)cc3)s2)cc1,316.45,304.354,316.038042384,16.518297090128677,5.56334321958544,4.064507516023892,-2.16,34.120001594797,0.0,0.0,0.0,0.0,0.0,31.321796056194884,0.0,0.0,0.0,0.6294132263691177,28.798384084224217,0.0,0.0,0,5.159800000000003,0,0,0,0,0,0,2.0606
*C(=S)c1ccc(-c2ccc(-c3ccc(*)cc3)s2)cc1,278.401,268.321,278.02239232,14.819626477379408,4.315115096271024,3.0549153536025666,-1.7699999999999996,34.98850928495928,0.0,0.0,0.0,0.0,0.0,20.881197370796592,0.0,0.0,12.217873443046695,0.4461178528921549,23.80606719015435,0.0,0.0,0,4.481500000000002,0,1,0,0,0,0,1.8996
*Oc1ccc(-c2ccc(-c3ccc(*)cc3)s2)cc1,250.32200000000003,240.242,250.04523594,13.94938298937633,3.9309778024990383,2.8354992567812785,-2.06,17.403152946396347,0.0,0.0,0.0,0.0,0.0,20.881197370796592,9.23,0.0,5.106527394840706,0.286838131799247,23.474546280371115,0.0,0.0,0,4.099800000000002,0,0,0,0,0,0,2.1724
*c1ccc(-c2ccc(C(=S)c3ccc(*)s3)s2)cc1,284.43,276.366,283.978813256,14.11251969619286,5.192080101344387,3.6690717374518673,-1.2899999999999996,51.20244235659532,0.0,0.0,0.0,0.0,0.0,10.440598685398296,0.0,0.0,12.217873443046695,0.6025379811653259,19.37026328009012,0.0,0.0,0,3.592100000000002,0,1,0,0,0,0,1.0659
*c1ccc(-c2ccc(Oc3ccc(*)s3)s2)cc1,256.351,248.287,256.001656876,13.242276208189782,3.91908393477696,2.910292902786112,-1.5799999999999996,34.120001594797,0.0,0.0,0.0,0.0,0.0,10.440598685398296,9.23,0.0,4.736862953800049,6.521749868080586,19.014830157767115,0.0,0.0,0,3.618100000000002,0,0,0,0,0,0,2.1882
*C(=S)Oc1ccc(-c2ccc(*)cc2)s1,218.302,212.254,217.986006812,11.543605595440512,2.8219819735436324,2.0910828997929096,-1.1899999999999995,35.17456962654619,0.0,0.0,0.0,0.0,0.0,10.440598685398296,9.23,0.0,16.954736396846744,5.853161656114848,14.51219626585202,0.0,0.0,0,2.8027000000000006,0,1,0,0,0,0,2.3094
*Oc1ccc(-c2ccc(-c3ccc(*)cc3)cc2)s1,250.32200000000003,240.242,250.04523594,13.94938298937633,3.7312899212378383,2.624428363315675,-2.059999999999999,17.403152946396347,0.0,0.0,0.0,0.0,0.0,21.56750166879229,9.23,0.0,5.106527394840706,0.2922753652708421,23.59547790494677,0.0,0.0,0,4.099800000000002,0,0,0,0,0,0,2.397
*c1ccc(-c2ccc(-c3ccc(-c4ccc(*)s4)cc3)cc2)cc1,310.421,296.309,310.081621448,17.225403871315223,4.7564820522869455,3.310866935762386,-2.639999999999999,22.783215716862266,0.0,0.0,0.0,0.0,0.0,32.69440465218628,0.0,0.0,0.0,0.6185167962658006,33.081995141901224,0.0,0.0,0,5.098300000000004,0,0,0,0,0,0,1.8601
*c1ccc(-c2ccc(-c3ccc(-c4ccc(*)cc4)cc3)cc2)cc1,304.392,288.264,304.125200512,17.93251065250177,4.20626738450567,2.8689453417432005,-3.1199999999999983,12.13273413692322,0.0,0.0,0.0,0.0,0.0,33.380708950181976,0.0,0.0,0.0,0.5943806757228124,39.0122001082478,0.0,0.0,0,5.036800000000004,0,0,0,0,0,0,2.5835
*C(=S)c1ccc(-c2ccc(-c3ccc(*)cc3)cc2)cc1,272.372,260.27599999999995,272.065971384,15.526733258565956,3.5082539289725263,2.30127477334106,-2.249999999999999,23.651723407024544,0.0,0.0,0.0,0.0,0.0,22.253805966787983,0.0,0.0,12.217873443046695,0.4329434467166176,28.058288460613355,0.0,0.0,0,4.420000000000004,0,1,0,0,0,0,1.6353
*Oc1ccc(-c2ccc(-c3ccc(*)cc3)cc2)cc1,244.29300000000003,232.19699999999995,244.088815004,14.656489770562878,3.1241166352005405,2.081858676519772,-2.539999999999999,6.06636706846161,0.0,0.0,0.0,0.0,0.0,22.253805966787983,9.23,0.0,5.106527394840706,0.2734045200348339,27.71095702743409,0.0,0.0,0,4.038300000000002,0,0,0,0,0,0,3.3861
*OC(=S)c1ccc(-c2ccc(*)cc2)cc1,212.273,204.20899999999995,212.029585876,12.25071237662706,2.407871546377199,1.5141881081176325,-1.6699999999999997,23.33486817184684,0.0,0.0,0.0,5.106527394840706,0.0,11.126902983393991,9.23,0.0,17.324400837887403,0.1940766838313736,18.69932131777821,0.0,0.0,0,2.6846000000000005,0,1,0,0,0,0,2.8665
*C(=S)c1ccc(C(=S)c2ccc(*)cc2)s1,246.381,240.333,245.963163192,12.41384908344359,3.862927652754725,2.478766353901902,-0.9000000000000001,52.0709500467576,0.0,0.0,0.0,0.0,0.0,0.0,0.0,0.0,24.43574688609339,0.4275307247299491,14.449347075249854,0.0,0.0,0,2.913800000000001,0,2,0,0,0,0,1.1979
*Oc1ccc(C(=S)c2ccc(*)cc2)s1,218.302,212.254,217.986006812,11.543605595440512,3.2677658969447823,2.151292187029668,-1.1899999999999995,34.48559370819467,0.0,0.0,0.0,0.0,0.0,0.0,9.23,0.0,17.324400837887403,0.2691989218526919,14.260373624758545,0.0,0.0,0,2.5321000000000007,0,1,0,0,0,0,2.4038
*C(=S)c1ccc(C(=S)c2ccc(*)cc2)cc1,240.352,232.28799999999995,240.006742256,13.12095586463014,2.9524689986274693,1.802828170711101,-1.38,40.73416416882287,0.0,0.0,0.0,0.0,0.0,0.0,0.0,0.0,24.43574688609339,0.4098171989946879,18.56890817489122,0.0,0.0,0,2.8523000000000005,0,2,0,0,0,0,1.8035
*Oc1ccc(C(=S)c2ccc(*)cc2)cc1,212.273,204.20899999999995,212.029585876,12.25071237662706,2.568331704855483,1.5834120738898132,-1.6699999999999997,23.14880783025993,0.0,0.0,0.0,0.0,0.0,0.0,9.23,0.0,17.324400837887403,0.2511471653246542,18.244122800099536,0.0,0.0,0,2.4706,0,1,0,0,0,0,1.7412
*C(=S)OC(=S)c1ccc(*)cc1,180.253,176.22099999999998,179.970356748,9.844934982691242,1.490669069892099,0.9335787351730565,-0.8,41.10628485199668,0.0,0.0,0.0,4.736862953800049,0.0,0.0,9.23,0.0,29.17260983989344,5.54017342739565,9.74149281934996,0.0,0.0,0,1.3875,0,2,0,0,0,0,2.364
*Oc1ccc(Oc2ccc(*)cc2)s1,190.223,184.175,190.008850432,10.673362107437434,2.2206440827894327,1.5222639526715085,-1.4799999999999998,17.403152946396347,0.0,0.0,0.0,0.0,0.0,0.0,18.46,0.0,9.843390348640757,5.986098014823213,13.800234735869656,0.0,0.0,0,2.5581000000000005,0,0,0,0,0,0,4.0372
*Oc1ccc(Oc2ccc(*)cc2)cc1,184.194,176.12999999999997,184.052429496,11.380468888623982,1.7470842431122138,1.0834120738898134,-1.9599999999999995,6.06636706846161,0.0,0.0,0.0,0.0,0.0,0.0,18.46,0.0,9.843390348640757,5.984359561394193,17.63653020750694,0.0,0.0,0,2.4966,0,0,0,0,0,0,3.6966
*c1ccc(OC(=S)c2ccc(*)s2)cc1,218.302,212.254,217.986006812,11.543605595440512,2.798795493163381,1.7613180201574343,-1.19,40.05171682024749,0.0,0.0,0.0,0.0,0.0,0.0,9.23,0.0,16.954736396846744,6.230232531284118,14.003608040438396,0.0,0.0,0,1.8518,0,1,0,0,0,0,2.0472
*OC(=S)Oc1ccc(*)cc1,152.17399999999998,148.14199999999997,151.993200368,8.974691494688164,0.9721674064787964,0.6320940540588162,-1.09,23.52092851343375,0.0,0.0,0.0,5.106527394840706,0.0,0.0,18.46,5.236688001925443,22.06126379168745,5.35822869425548,9.494760959939532,0.0,0.0,0,1.0058,0,1,0,0,0,0,3.9415
*Cc1ccc(-c2ccc(-c3ccc(*)s3)s2)s1,260.408,252.344,259.978813256,12.535169427003234,5.439241741197621,4.124128212320347,-0.8999999999999997,39.39042040427013,0.0,0.0,6.923737199690624,6.923737199690624,0.0,19.5085887748052,0.0,0.0,0.0,0.8573703393968544,13.809312375802277,0.0,0.0769230769230769,0,4.429000000000001,0,0,0,0,0,0,2.1001
*Cc1ccc(-c2ccc(C(*)=S)s2)s1,222.359,216.311,221.963163192,10.836498814253964,4.097570255919898,2.921199022147993,-0.51,40.258928094432406,0.0,0.0,6.923737199690624,6.923737199690624,0.0,9.7542943874026,0.0,0.0,12.217873443046695,0.6963686276979927,8.981656746031746,0.0,0.1,0,3.750700000000001,0,1,0,0,0,0,1.7203
*Cc1ccc(-c2ccc(O*)s2)s1,194.28,188.232,193.986006812,9.966255326250886,3.5024085001099565,2.59372485527576,-0.8,22.673571755869474,0.0,0.0,6.923737199690624,6.923737199690624,0.0,9.7542943874026,9.23,0.0,5.106527394840706,0.5383645124716552,8.805917422524566,0.0,0.1111111111111111,0,3.3690000000000007,0,0,0,0,0,0,2.9968
*Cc1ccc(-c2ccc(-c3ccc(*)s3)cc2)s1,254.379,244.299,254.02239232,13.242276208189782,4.422820688419002,3.1898392233861026,-1.3799999999999997,28.05363452633539,0.0,0.0,6.923737199690624,6.923737199690624,0.0,20.881197370796592,0.0,0.0,0.0,0.8356660069394556,18.245476129310003,0.0,0.0666666666666666,0,4.367500000000002,0,0,0,0,0,0,2.512
*Cc1ccc(-c2ccc(C(*)=S)cc2)s1,216.33,208.266,216.006742256,11.543605595440512,3.174592565104584,2.1802470609647764,-0.99,28.922142216497672,0.0,0.0,6.923737199690624,6.923737199690624,0.0,10.440598685398296,0.0,0.0,12.217873443046695,0.6637724312891159,13.310280034853449,0.0,0.0833333333333333,0,3.689200000000002,0,1,0,0,0,0,1.9959
*Cc1ccc(-c2ccc(O*)cc2)s1,188.251,180.187,188.029585876,10.673362107437434,2.790455271332598,1.960830964143489,-1.28,11.336785877934735,0.0,0.0,6.923737199690624,6.923737199690624,0.0,10.440598685398296,9.23,0.0,5.106527394840706,0.5054406284118583,12.995929626480224,0.0,0.0909090909090909,0,3.307500000000001,0,0,0,0,0,0,2.9246
*Cc1ccc(Cc2ccc(*)s2)s1,192.308,184.244,192.006742256,9.966255326250886,3.330479319336695,2.633938619567945,-0.6000000000000001,28.05363452633539,0.0,0.0,13.344558822616634,13.344558822616634,0.0,0.0,0.0,0.0,0.0,0.9602746021248004,9.297153643864952,0.0,0.2,0,2.6243000000000007,0,0,0,0,0,0,4.1954
*Cc1ccc(CC(*)=S)s1,154.259,148.21099999999998,153.991092192,8.267584713501616,2.0489247511863904,1.5885983857184245,-0.21,28.922142216497672,0.0,0.0,13.344558822616634,13.344558822616634,0.0,0.0,0.0,0.0,12.217873443046695,0.8604960317460317,4.542870370370371,0.0,0.2857142857142857,0,2.216600000000001,0,1,0,0,0,0,2.5553
*Cc1ccc(C(=O)c2ccc(*)s2)s1,206.291,200.243,205.986006812,10.836498814253964,3.315855309782434,2.4083206813261246,-0.9300000000000002,33.83687947270033,0.0,0.0,6.923737199690624,6.923737199690624,0.0,0.0,17.07,5.783244946364939,0.0,0.6598626595700009,8.214283273494583,0.0,0.1,0,2.2645,1,0,0,0,0,0,2.7131
*Cc1ccc(C(=O)C(*)=S)s1,168.242,164.20999999999998,167.970356748,9.137828201504696,2.1031995043870992,1.4231663776156958,-0.5400000000000001,34.70538716286261,0.0,0.0,6.923737199690624,6.923737199690624,0.0,0.0,17.07,5.783244946364939,12.217873443046695,0.3398989040060468,4.001435185185185,0.0,0.1428571428571428,0,1.8568,1,1,0,0,1,0,2.693
*Cc1ccc(C(=O)O*)s1,140.16299999999998,136.13099999999997,139.993200368,8.267584713501616,1.7837700679893775,1.1255854997107249,-0.8300000000000001,17.306091165886585,0.0,0.0,6.923737199690624,12.03026459453133,0.0,0.0,26.3,5.969305287951849,5.106527394840706,0.1821135676492816,3.926481481481481,0.0,0.1666666666666666,0,1.4185,1,0,0,0,0,0,3.78
*Cc1ccc(C(=S)c2ccc(*)s2)s1,222.359,216.311,221.963163192,10.836498814253964,4.05155757017795,2.794403444814079,-0.5100000000000001,45.13607528813371,0.0,0.0,6.923737199690624,6.923737199690624,0.0,0.0,0.0,0.0,12.217873443046695,0.8204824630469472,8.897616606827917,0.0,0.1,0,2.799800000000001,0,1,0,0,0,0,2.2961
*Cc1ccc(C(=S)O*)s1,156.231,152.19899999999998,155.970356748,8.267584713501616,2.151621198187136,1.3186268814547022,-0.4100000000000001,28.605286981319967,0.0,0.0,6.923737199690624,12.03026459453133,0.0,0.0,9.23,0.0,17.324400837887403,0.4584741118669689,4.268148148148148,0.0,0.1666666666666666,0,1.9538,0,1,0,0,0,0,2.676
*Cc1ccc(Nc2ccc(*)s2)s1,193.296,186.24,193.001991224,9.966255326250886,2.948004179584676,2.215279299582148,-0.7999999999999998,38.05579847971112,0.0,0.0,6.923737199690624,6.923737199690624,0.0,0.0,12.03,0.0,0.0,0.8924968243470227,8.94993142164273,0.0,0.1111111111111111,1,2.777100000000001,0,0,0,0,0,0,3.6624
*Cc1ccc(NC(*)=S)s1,155.247,150.207,154.98634116,8.267584713501616,1.7942739392882203,1.3266456867437073,-0.41,34.047158976172106,0.0,0.0,6.923737199690624,6.923737199690624,0.0,0.0,12.03,0.0,12.217873443046695,0.721607142857143,4.369259259259259,0.0,0.1666666666666666,1,2.0435,0,1,0,0,0,0,2.8469
*Cc1ccc(NO*)s1,127.168,122.128,127.00918478,7.397341225498538,1.5998445028904986,1.0290648088387364,-0.54,16.337867854622605,0.0,0.0,6.923737199690624,12.130990224467917,0.0,0.0,21.26,0.0,5.20725302477729,0.5638218065003779,4.294305555555556,0.0,0.2,1,1.6051999999999995,0,0,0,0,0,0,3.8409
*Cc1ccc(Oc2ccc(*)s2)s1,194.28,188.232,193.986006812,9.966255326250886,2.7785614036105204,2.02980633678556,-0.7999999999999998,28.05363452633539,0.0,0.0,6.923737199690624,6.923737199690624,0.0,0.0,9.23,0.0,4.736862953800049,6.611200528050727,8.60270919942051,0.0,0.1111111111111111,0,2.825800000000001,0,0,0,0,0,0,4.26
*Cc1ccc(OC(*)=S)s1,156.231,152.19899999999998,155.970356748,8.267584713501616,1.6814594423771938,1.2105963337923586,-0.41,29.10820255808458,0.0,0.0,6.923737199690624,6.923737199690624,0.0,0.0,9.23,0.0,16.954736396846744,5.96827380952381,4.195648148148148,0.0,0.1666666666666666,0,2.0104,0,1,0,0,0,0,3.0541
*Cc1ccc(-c2ccc(-c3ccc(*)s3)s2)cc1,254.379,244.299,254.02239232,13.242276208189782,4.685591909927934,3.4175548035906145,-1.3799999999999994,28.05363452633539,0.0,0.0,6.923737199690624,6.923737199690624,0.0,20.19489307280089,0.0,0.0,0.0,0.8309546204590397,18.30287516801181,0.0,0.0666666666666666,0,4.367500000000002,0,0,0,0,0,0,2.8214
*Cc1ccc(-c2ccc(-c3ccc(*)cc3)s2)cc1,248.35,236.254,248.065971384,13.94938298937633,4.030597299406599,2.8853090052350594,-1.86,17.403152946396347,0.0,0.0,6.923737199690624,6.923737199690624,0.0,20.881197370796592,0.0,0.0,0.0,0.7986724513258743,24.32800379147473,0.0,0.0588235294117647,0,4.306000000000003,0,0,0,0,0,0,2.7314
*Cc1ccc(-c2ccc(C(*)=S)s2)cc1,216.33,208.266,216.006742256,11.543605595440512,3.343920424650212,2.2146256134182605,-0.99,28.922142216497672,0.0,0.0,6.923737199690624,6.923737199690624,0.0,10.440598685398296,0.0,0.0,12.217873443046695,0.663772431289116,13.426499354371376,0.0,0.0833333333333333,0,3.689200000000002,0,1,0,0,0,0,1.9323
*Cc1ccc(-c2ccc(-c3ccc(*)s3)cc2)cc1,248.35,236.254,248.065971384,13.94938298937633,3.773950799889377,2.57359001899274,-1.86,16.716848648400653,0.0,0.0,6.923737199690624,6.923737199690624,0.0,21.56750166879229,0.0,0.0,0.0,0.8127510439830066,22.66940069252444,0.0,0.0588235294117647,0,4.306000000000003,0,0,0,0,0,0,2.8951
*Cc1ccc(-c2ccc(-c3ccc(*)cc3)cc2)cc1,242.32100000000003,228.20899999999995,242.109550448,14.656489770562878,3.223736132108101,2.131668424973552,-2.339999999999999,6.06636706846161,0.0,0.0,6.923737199690624,6.923737199690624,0.0,22.253805966787983,0.0,0.0,0.0,0.7836086016674875,28.62220407348384,0.0,0.0526315789473684,0,4.244500000000003,0,0,0,0,0,0,3.4166
*Cc1ccc(-c2ccc(C(*)=S)cc2)cc1,210.301,200.22099999999995,210.05032132,12.25071237662706,2.525722676574958,1.563997856571413,-1.4699999999999998,17.585356338562935,0.0,0.0,6.923737199690624,6.923737199690624,0.0,11.126902983393991,0.0,0.0,12.217873443046695,0.6362645263186388,17.695079942470812,0.0,0.0714285714285714,0,3.6277000000000017,0,1,0,0,0,0,2.5561
*Cc1ccc(-c2ccc(O*)cc2)cc1,182.222,172.14199999999997,182.07316494,11.380468888623982,2.141585382802972,1.3445817597501255,-1.7599999999999998,0.0,0.0,0.0,6.923737199690624,6.923737199690624,0.0,11.126902983393991,9.23,0.0,5.106527394840706,0.4775944926486053,17.36128653313177,0.0,0.0769230769230769,0,3.2460000000000013,0,0,0,0,0,0,3.7323
*Cc1ccc(Cc2ccc(*)s2)cc1,186.279,176.19899999999996,186.05032132,10.673362107437434,2.725156431245794,1.88638039038266,-1.08,16.716848648400653,0.0,0.0,13.344558822616634,13.344558822616634,0.0,0.0,0.0,0.0,0.0,0.9191339128243888,13.84952310090703,0.0,0.1666666666666666,0,2.5628,0,0,0,0,0,0,4.0831
*Cc1ccc(Cc2ccc(*)cc2)cc1,180.25,168.15399999999997,180.093900384,11.380468888623982,2.218488763903245,1.432080313066278,-1.5599999999999996,6.06636706846161,0.0,0.0,13.344558822616634,13.344558822616634,0.0,0.0,0.0,0.0,0.0,0.8717955164924862,19.931746256889653,0.0,0.1428571428571428,0,2.5013000000000005,0,0,0,0,0,0,4.2049
*Cc1ccc(CC(*)=S)cc1,148.23000000000002,140.16599999999997,148.034671256,8.974691494688164,1.4436018630954903,0.9071145914342604,-0.6900000000000001,17.585356338562935,0.0,0.0,13.344558822616634,13.344558822616634,0.0,0.0,0.0,0.0,12.217873443046695,0.8067061654908876,9.011666666666668,0.0,0.2222222222222222,0,2.1551,0,1,0,0,0,0,2.9253
*Cc1ccc(C(=O)c2ccc(*)s2)cc1,200.262,192.198,200.029585876,11.543605595440512,2.7068733850030475,1.7713296974748023,-1.41,22.50009359476559,0.0,0.0,6.923737199690624,6.923737199690624,0.0,0.0,17.07,5.783244946364939,0.0,0.648649218946838,12.225217545351471,0.0,0.0833333333333333,0,2.2030000000000003,1,0,0,0,0,0,3.4106
*Cc1ccc(C(=O)c2ccc(*)cc2)cc1,194.233,184.153,194.07316494,12.25071237662706,2.196546680972012,1.361056295367685,-1.89,11.84961201482655,0.0,0.0,6.923737199690624,6.923737199690624,0.0,0.0,17.07,5.783244946364939,0.0,0.647565546726802,17.611190701334102,0.0,0.0714285714285714,0,2.1415,1,0,0,0,0,0,3.8451
*Cc1ccc(C(=O)C(*)=S)cc1,162.213,156.16499999999996,162.013935812,9.844934982691242,1.494217579607713,0.8328970747460254,-1.02,23.36860128492788,0.0,0.0,6.923737199690624,6.923737199690624,0.0,0.0,17.07,5.783244946364939,12.217873443046695,0.3160362864281515,7.928796296296296,0.0,0.1111111111111111,0,1.7953,1,1,0,0,1,0,2.5816
*Cc1ccc(C(=S)c2ccc(*)s2)cc1,216.33,208.266,216.006742256,11.543605595440512,3.310426775596321,2.1004538427067336,-0.99,33.79928941019897,0.0,0.0,6.923737199690624,6.923737199690624,0.0,0.0,0.0,0.0,12.217873443046695,0.7933251448727638,13.250217545351472,0.0,0.0833333333333333,0,2.7383000000000006,0,1,0,0,0,0,2.5143
*Cc1ccc(C(=S)c2ccc(*)cc2)cc1,210.301,200.22099999999995,210.05032132,12.25071237662706,2.6679512017630445,1.633221822343594,-1.4699999999999998,23.14880783025993,0.0,0.0,6.923737199690624,6.923737199690624,0.0,0.0,0.0,0.0,12.217873443046695,0.7676760909444892,19.07044996059336,0.0,0.0714285714285714,0,2.676800000000001,0,1,0,0,0,0,2.3058
*Cc1ccc(C(=S)O*)cc1,150.202,144.15399999999997,150.013935812,8.974691494688164,1.4253402939796316,0.7769111913479866,-0.8900000000000001,17.26850110338523,0.0,0.0,6.923737199690624,12.03026459453133,0.0,0.0,9.23,0.0,17.324400837887403,0.4186918934240363,8.462222222222222,0.0,0.125,0,1.8923,0,1,0,0,0,0,3.1473
*Cc1ccc(Nc2ccc(*)s2)cc1,187.267,178.19499999999996,187.045570288,10.673362107437434,2.4050966897064106,1.6067676248588365,-1.2799999999999998,27.40531689977208,0.0,0.0,6.923737199690624,6.923737199690624,0.0,0.0,12.03,0.0,0.0,0.858725749559083,13.328689767573698,0.0,0.0909090909090909,1,2.7156,0,0,0,0,0,0,3.5013
*Cc1ccc(Nc2ccc(*)cc2)cc1,181.238,170.14999999999998,181.089149352,11.380468888623982,1.960844420576497,1.2249735318797308,-1.7599999999999991,17.441139617828735,0.0,0.0,6.923737199690624,6.923737199690624,0.0,0.0,12.03,0.0,0.0,0.8236095754494022,19.19730181244521,0.0,0.0769230769230769,1,2.654100000000001,0,0,0,0,0,0,3.7655
*Cc1ccc(NC(*)=S)cc1,149.21800000000002,142.16199999999998,149.029920224,8.974691494688164,1.251366449409955,0.7648556930020481,-0.89,23.396677396233063,0.0,0.0,6.923737199690624,6.923737199690624,0.0,0.0,12.03,0.0,12.217873443046695,0.6751868911144705,8.664444444444445,0.0,0.125,1,1.982,0,1,0,0,0,0,3.5265
*Cc1ccc(NO*)cc1,121.13899999999998,114.08299999999998,121.052763844,8.104448006685086,1.0717869033863578,0.572787046116055,-1.02,5.687386274683562,0.0,0.0,6.923737199690624,12.130990224467917,0.0,0.0,21.26,0.0,5.20725302477729,0.5174258314436886,8.514537037037037,0.0,0.1428571428571428,1,1.5437,0,0,0,0,0,0,4.426
*Cc1ccc(Oc2ccc(*)s2)cc1,188.251,180.18699999999995,188.029585876,10.673362107437434,2.263304961440972,1.482894572040592,-1.2799999999999998,16.716848648400653,0.0,0.0,6.923737199690624,6.923737199690624,0.0,0.0,9.23,0.0,4.736862953800049,6.575912068531116,12.807856434240364,0.0,0.0909090909090909,0,2.7643000000000004,0,0,0,0,0,0,4.0475
*Cc1ccc(OC(*)=S)cc1,150.202,144.15399999999997,150.013935812,8.974691494688164,1.1662030002076451,0.7018326618241053,-0.89,17.771416680149844,0.0,0.0,6.923737199690624,6.923737199690624,0.0,0.0,9.23,0.0,16.954736396846744,5.920336173049466,8.317222222222222,0.0,0.125,0,1.9489,0,1,0,0,0,0,3.7121
*CCc1ccc(-c2ccc(*)s2)s1,192.308,184.244,192.006742256,9.966255326250886,3.759890903511283,2.66146182301235,-0.6000000000000001,28.05363452633539,0.0,0.0,13.344558822616634,6.4208216229260096,6.923737199690624,9.7542943874026,0.0,0.0,0.0,0.995192166372722,9.248358764802218,0.0,0.2,0,3.1613000000000016,0,0,0,0,0,0,2.7315
*CCc1ccc(C(*)=S)s1,154.259,148.21099999999998,153.991092192,8.267584713501616,2.4182194182335603,1.4585326328399957,-0.21,28.922142216497672,0.0,0.0,13.344558822616634,6.4208216229260096,6.923737199690624,0.0,0.0,0.0,12.217873443046695,0.8604960317460316,4.473148148148148,0.0,0.2857142857142857,0,2.4830000000000005,0,1,0,0,0,0,2.295
*CCc1ccc(O*)s1,126.17999999999998,120.13199999999998,126.013935812,7.397341225498538,1.8230576624236183,1.125240192605,-0.5,11.336785877934735,0.0,0.0,13.344558822616634,6.4208216229260096,6.923737199690624,0.0,9.23,0.0,5.106527394840706,0.7027106953892669,4.325694444444444,0.0,0.3333333333333333,0,2.1013,0,0,0,0,0,0,4.1608
*CCc1ccc(-c2ccc(*)s2)cc1,186.279,176.19899999999996,186.05032132,10.673362107437434,2.8443924216911056,1.8851286386920023,-1.08,16.716848648400653,0.0,0.0,13.344558822616634,6.4208216229260096,6.923737199690624,10.440598685398296,0.0,0.0,0.0,0.95973460989334,13.764281462585034,0.0,0.1666666666666666,0,3.099800000000001,0,0,0,0,0,0,2.9495
*CCc1ccc(C(*)=S)cc1,148.23,140.16599999999997,148.034671256,8.974691494688164,1.5961642983766868,0.8755364762706761,-0.6900000000000001,17.585356338562935,0.0,0.0,13.344558822616634,6.4208216229260096,6.923737199690624,0.0,0.0,0.0,12.217873443046695,0.8067061654908877,8.872222222222224,0.0,0.2222222222222222,0,2.421500000000001,0,1,0,0,0,0,2.7697
*CCc1ccc(O*)cc1,120.15099999999995,112.08699999999996,120.057514876,8.104448006685086,1.2120270046047006,0.6561203794493884,-0.98,0.0,0.0,0.0,13.344558822616634,6.4208216229260096,6.923737199690624,0.0,9.23,0.0,5.106527394840706,0.6489451058201058,8.577314814814816,0.0,0.25,0,2.0398,0,0,0,0,0,0,4.052
*CCCc1ccc(*)s1,124.20799999999996,116.14399999999998,124.034671256,7.397341225498538,1.8067929759762784,1.249230793998065,-0.3,16.716848648400653,0.0,0.0,19.765380445542643,6.4208216229260096,6.923737199690624,0.0,0.0,0.0,0.0,1.157958238851096,4.671519274376417,0.0,0.4285714285714285,0,1.8229,0,0,0,0,0,0,4.2755
*CCCc1ccc(*)cc1,118.17899999999996,108.09899999999998,118.07825032,8.104448006685086,1.2527209364133831,0.7922031429373428,-0.78,6.06636706846161,0.0,0.0,19.765380445542643,6.4208216229260096,6.923737199690624,0.0,0.0,0.0,0.0,1.0822782029478455,10.886671390778536,0.0,0.3333333333333333,0,1.7614,0,0,0,0,0,0,4.7657
*CCCC(*)=O,70.091,64.04299999999999,70.041864812,5.698670612749268,0.2788387679126026,0.0721687836487032,-0.33,6.286160523129555,0.0,0.0,19.765380445542643,4.794537184071822,6.923737199690624,0.0,17.07,0.0,0.0,0.6547222222222222,0.0,0.0,0.75,0,0.8101,1,0,0,0,0,0,5.13
*CCCC(*)=S,86.15899999999999,80.11099999999999,86.019021192,5.698670612749268,0.482962913144534,0.2165063509461096,0.09,17.585356338562935,0.0,0.0,19.765380445542643,0.0,6.923737199690624,0.0,0.0,0.0,12.217873443046695,1.1176851851851852,0.0,0.0,0.75,0,1.6109,0,1,0,0,0,0,2.9464
*CCC(=O)c1ccc(*)s1,138.19099999999997,132.143,138.013935812,8.267584713501616,1.8111175179246723,1.129326701411388,-0.6300000000000001,22.50009359476559,0.0,0.0,13.344558822616634,0.0,6.923737199690624,0.0,17.07,0.0,0.0,0.734208238851096,4.130084089191232,0.0,0.2857142857142857,0,1.4631,1,0,0,0,1,0,3.1093
*CCC(=O)c1ccc(*)cc1,132.16199999999998,124.09799999999998,132.057514876,8.974691494688164,1.2672708608387395,0.7171246134134616,-1.11,11.84961201482655,0.0,0.0,13.344558822616634,0.0,6.923737199690624,0.0,17.07,0.0,0.0,0.7047829270597128,9.648986205593348,0.0,0.2222222222222222,0,1.4016,1,0,0,0,1,0,3.6964
*CCC(=O)C(*)=S,100.142,96.11,99.998285748,6.568914100752346,0.5685684235620754,0.1530931089239486,-0.24,23.36860128492788,0.0,0.0,13.344558822616634,4.794537184071822,6.923737199690624,0.0,17.07,5.783244946364939,12.217873443046695,0.4737500000000001,0.0,0.0,0.5,0,0.7899,1,1,0,0,1,0,1.8131
*CCC(=S)O*,88.131,84.09899999999999,87.998285748,5.698670612749268,0.4082482904638629,0.0,-0.11,17.26850110338523,0.0,0.0,13.344558822616634,5.106527394840706,6.923737199690624,0.0,9.23,0.0,17.324400837887403,0.6541203703703704,0.0,0.0,0.6666666666666666,0,1.1524,0,1,0,0,0,0,3.8308
*CCNc1ccc(*)s1,125.19599999999996,118.14,125.029920224,7.397341225498538,1.5251298802098276,1.0328060105393997,-0.5000000000000001,21.71793062508852,0.0,0.0,6.923737199690624,0.0,6.923737199690624,0.0,12.03,0.0,0.0,1.055458238851096,4.497908163265306,0.0,0.3333333333333333,1,1.3021999999999998,0,0,0,0,0,0,3.793
*CCNc1ccc(*)cc1,119.16699999999996,110.09499999999996,119.073499288,8.104448006685086,1.0473576580250157,0.6490832316694843,-0.98,11.753753343145172,0.0,0.0,6.923737199690624,0.0,6.923737199690624,0.0,12.03,0.0,0.0,0.992000425170068,10.499449168556312,0.0,0.25,1,1.2407,0,0,0,0,0,0,3.689
*CCNC(*)=S,87.14699999999999,82.107,87.01427016,5.698670612749268,0.3415063509461096,0.1530931089239486,-0.11,17.7092911215495,5.316788604006331,0.0,6.923737199690624,0.0,6.923737199690624,0.0,12.03,0.0,12.217873443046695,0.944074074074074,0.0,0.0,0.6666666666666666,1,0.3777999999999999,0,1,0,0,0,0,3.6727
*CCON*,59.068,54.028,59.03711378,4.82842712474619,0.1020620726159657,0.0,-0.08,0.0,5.896975471277056,0.0,6.923737199690624,4.8375885837366335,6.923737199690624,0.0,21.26,0.0,4.8375885837366335,0.8991666666666666,0.0,0.0,1.0,1,-0.0605,0,0,0,0,0,0,5.7904
*CC(=O)c1ccc(-c2ccc(*)s2)s1,206.291,200.243,205.986006812,10.836498814253964,3.713930068140349,2.603157640404016,-0.9300000000000002,33.83687947270033,0.0,0.0,6.923737199690624,0.0,6.923737199690624,9.7542943874026,17.07,0.0,0.0,0.5249954071134626,8.518726773116654,0.0,0.1,0,2.8015000000000008,1,0,0,0,1,0,2.3893
*CC(=O)c1ccc(-c2ccc(*)cc2)s1,200.262,192.198,200.029585876,11.543605595440512,3.058935457619013,2.070911842048459,-1.41,23.186397892761285,0.0,0.0,6.923737199690624,0.0,6.923737199690624,10.440598685398296,17.07,0.0,0.0,0.4926550033593684,14.3544862265894,0.0,0.0833333333333333,0,2.740000000000001,1,0,0,0,1,0,2.5123
*CC(=O)c1ccc(C(*)=O)s1,152.17399999999998,148.14199999999997,151.993200368,9.137828201504696,2.0044074526648674,1.2071870684876844,-0.9600000000000002,23.406191347429232,0.0,0.0,6.923737199690624,0.0,6.923737199690624,0.0,34.14,5.783244946364939,0.0,-0.0825547996976566,3.590046296296296,0.0,0.1428571428571428,0,1.5879,2,0,0,0,1,0,2.9786
*CC(=O)c1ccc(C(*)=S)s1,168.242,164.20999999999998,167.970356748,9.137828201504696,2.3722585828626253,1.4002284502316615,-0.5400000000000001,34.70538716286261,0.0,0.0,6.923737199690624,0.0,6.923737199690624,0.0,17.07,0.0,12.217873443046695,0.3398989040060468,3.931712962962963,0.0,0.1428571428571428,0,2.1232000000000006,1,1,0,0,1,0,2.3542
*CC(=O)c1ccc(O*)s1,140.16299999999998,136.13099999999997,139.993200368,8.267584713501616,1.7770968270526837,1.072754283359428,-0.8300000000000001,17.120030824299675,0.0,0.0,6.923737199690624,0.0,6.923737199690624,0.0,26.3,0.0,5.106527394840706,0.1821135676492821,3.784259259259259,0.0,0.1666666666666666,0,1.7415000000000005,1,0,0,0,1,0,3.1722
*CC(=O)c1ccc(-c2ccc(*)s2)cc1,200.262,192.198,200.029585876,11.543605595440512,2.808656968797133,1.8698366871026464,-1.41,22.50009359476559,0.0,0.0,6.923737199690624,0.0,6.923737199690624,10.440598685398296,17.07,0.0,0.0,0.504158478206097,12.53555216994205,0.0,0.0833333333333333,0,2.740000000000001,1,0,0,0,1,0,2.5243
*CC(=O)c1ccc(-c2ccc(*)cc2)cc1,194.233,184.153,194.07316494,12.25071237662706,2.258442301015857,1.4279150930834588,-1.89,11.84961201482655,0.0,0.0,6.923737199690624,0.0,6.923737199690624,11.126902983393991,17.07,0.0,0.0,0.4747240667514835,18.33806617374529,0.0,0.0714285714285714,0,2.6785000000000005,1,0,0,0,1,0,3.0649
*CC(=O)c1ccc(C(*)=O)cc1,146.14499999999998,140.09699999999998,146.036779432,9.844934982691242,1.324726585087198,0.7241617611933655,-1.44,12.069405469494496,0.0,0.0,6.923737199690624,0.0,6.923737199690624,0.0,34.14,12.069405469494496,0.0,-0.0954863473167044,7.106018518518519,0.0,0.1111111111111111,0,1.5264000000000002,2,0,0,0,1,0,2.9172
*CC(=O)c1ccc(C(*)=S)cc1,162.213,156.16499999999996,162.013935812,9.844934982691242,1.5604288454827142,0.86024452468132,-1.02,23.36860128492788,0.0,0.0,6.923737199690624,0.0,6.923737199690624,0.0,17.07,0.0,12.217873443046695,0.3160362864281514,7.789351851851852,0.0,0.1111111111111111,0,2.0617,1,1,0,0,1,0,2.4669
*CC(=O)c1ccc(O*)cc1,134.134,128.08599999999998,134.036779432,8.974691494688164,1.176291551710728,0.6408284278600322,-1.31,5.783244946364939,0.0,0.0,6.923737199690624,0.0,6.923737199690624,0.0,26.3,0.0,5.106527394840706,0.1582752267573695,7.4944444444444445,0.0,0.125,0,1.6800000000000002,1,0,0,0,1,0,3.8893
*CC(=O)Cc1ccc(*)s1,138.19099999999997,132.14299999999997,138.013935812,8.267584713501616,1.6952297027451166,1.2167315756382784,-0.6300000000000001,22.50009359476559,0.0,0.0,13.344558822616634,11.21535880699783,6.923737199690624,0.0,17.07,0.0,0.0,0.6373611111111112,4.315547052154195,0.0,0.2857142857142857,0,1.0019,1,0,0,0,1,0,3.7852
*CC(=O)Cc1ccc(*)cc1,132.16199999999998,124.09799999999996,132.057514876,8.974691494688164,1.188562035402568,0.7669343618672424,-1.11,11.84961201482655,0.0,0.0,13.344558822616634,11.21535880699783,6.923737199690624,0.0,17.07,0.0,0.0,0.5916083238851096,10.061253779289494,0.0,0.2222222222222222,0,0.9404,1,0,0,0,1,0,3.781
*CC(=O)CC(*)=O,84.074,80.04199999999999,84.021129368,6.568914100752346,0.2693375672974064,0.0804938188574223,-0.66,12.069405469494496,0.0,0.0,13.344558822616634,9.589074368143644,6.923737199690624,0.0,34.14,18.490227092420504,0.0,0.010787037037037,0.0,0.0,0.5,0,-0.0109,2,0,0,0,1,0,4.6959
*CC(=O)CC(*)=S,100.142,96.11,99.998285748,6.568914100752346,0.4136751345948128,0.241481456572267,-0.24,23.36860128492788,0.0,0.0,13.344558822616634,4.794537184071822,6.923737199690624,0.0,17.07,0.0,12.217873443046695,0.4737500000000001,0.0,0.0,0.5,0,0.7899,1,1,0,0,1,0,3.1252
*CC(=O)CO*,72.063,68.03099999999999,72.021129368,5.698670612749268,0.1609876377148447,0.0,-0.37,5.783244946364939,0.0,0.0,6.923737199690624,9.901064578912528,6.923737199690624,0.0,26.3,0.0,5.106527394840706,0.3124537037037037,0.0,0.0,0.6666666666666666,0,0.004,1,0,0,0,1,0,4.6507
*CC(=O)C(=S)c1ccc(*)s1,168.242,164.20999999999998,167.970356748,9.137828201504696,2.339525779419452,1.299387665469898,-0.54,39.58253435656391,0.0,0.0,6.923737199690624,4.794537184071822,6.923737199690624,0.0,17.07,5.783244946364939,12.217873443046695,0.439537037037037,4.115778533635677,0.0,0.1428571428571428,0,1.1774,1,1,0,0,1,0,2.1804
*CC(=O)C(=S)c1ccc(*)cc1,162.213,156.16499999999996,162.013935812,9.844934982691242,1.6970502055861756,0.8353396504544297,-1.02,28.932052776624868,0.0,0.0,6.923737199690624,4.794537184071822,6.923737199690624,0.0,17.07,5.783244946364939,12.217873443046695,0.4154735922146636,9.599494520030234,0.0,0.1111111111111111,0,1.1159,1,1,0,0,1,0,2.4428
*CC(=O)C(=S)C(*)=O,114.125,112.10899999999998,113.977550304,7.439157588755425,0.6569567712103939,0.0569177251576849,-0.5700000000000001,29.15184623129281,0.0,0.0,6.923737199690624,9.589074368143644,6.923737199690624,0.0,34.14,16.93397278824612,0.0,-0.2914814814814813,0.0,0.0,0.25,0,-0.0311,2,1,0,0,1,0,1.4812
*CC(=O)C(=S)O*,102.114,100.09799999999998,101.977550304,6.568914100752346,0.4553418012614795,0.0,-0.44,23.051746049750168,0.0,0.0,6.923737199690624,9.901064578912528,6.923737199690624,0.0,26.3,10.833872606703473,5.106527394840706,0.0101851851851854,0.0,0.0,0.3333333333333333,0,0.3314,1,1,0,0,1,0,2.0217
*CC(=O)Nc1ccc(*)s1,139.17899999999997,134.13899999999998,139.00918478,8.267584713501616,1.4462427331767054,1.009825592853932,-0.8300000000000001,27.625110354440025,0.0,0.0,6.923737199690624,4.794537184071822,6.923737199690624,0.0,29.1,5.907179729351506,0.0,0.5348611111111111,4.141935941043084,0.0,0.1666666666666666,1,0.8288,1,0,0,0,0,0,3.9328
*CC(=O)Nc1ccc(*)cc1,133.14999999999998,126.09399999999998,133.052763844,8.974691494688164,1.0019904640467918,0.631215505222498,-1.31,17.66093307249668,0.0,0.0,6.923737199690624,4.794537184071822,6.923737199690624,0.0,29.1,5.907179729351506,0.0,0.5013305461073319,9.674031557067272,0.0,0.125,1,0.7672999999999999,1,0,0,0,0,0,3.7951
*CC(=O)NC(*)=O,85.062,82.038,85.016378336,6.568914100752346,0.1904504202642842,0.0569177251576849,-0.8600000000000001,12.317275035467627,5.316788604006331,0.0,6.923737199690624,4.794537184071822,6.923737199690624,0.0,46.17,12.317275035467627,0.0,-0.162824074074074,0.0,0.0,0.3333333333333333,1,-0.2604999999999999,2,0,0,0,0,0,4.8368
*CC(=O)NC(*)=S,101.13,98.106,100.993534716,6.568914100752346,0.2925124928802499,0.1707531754730548,-0.44,23.61647085090101,5.316788604006331,0.0,6.923737199690624,4.794537184071822,6.923737199690624,0.0,29.1,5.907179729351506,12.217873443046695,0.3001388888888889,0.0,0.0,0.3333333333333333,1,-0.0955999999999999,1,1,0,0,0,0,3.0348
*CC(=O)Oc1ccc(*)s1,140.16299999999998,136.131,139.993200368,8.267584713501616,1.3359374115486962,0.9181628403117118,-0.8300000000000001,22.6861539363525,0.0,0.0,6.923737199690624,4.794537184071822,6.923737199690624,0.0,26.3,5.969305287951849,4.736862953800049,5.498796296296296,3.968324829931973,0.0,0.1666666666666666,0,0.7957000000000001,1,0,0,0,0,0,4.2025
*CC(=O)OC(*)=O,86.04599999999999,84.03,86.00039392400001,6.568914100752346,0.1555021169820366,0.0464731279854337,-0.8600000000000001,12.441526152668311,0.0,0.0,6.923737199690624,9.53140013787187,6.923737199690624,0.0,43.370000000000005,12.441526152668311,0.0,3.958703703703704,0.0,0.0,0.3333333333333333,0,0.1665,2,0,0,0,0,0,5.9215
*CC(=O)OC(*)=S,102.114,100.098,101.977550304,6.568914100752346,0.2388354503153699,0.1394193839563013,-0.44,23.74072196810169,0.0,0.0,6.923737199690624,9.53140013787187,6.923737199690624,0.0,26.3,5.969305287951849,0.0,4.792037037037038,0.0,0.0,0.3333333333333333,0,0.3314,1,1,0,0,0,0,3.73
*CC(=S)c1ccc(C(*)=S)s1,184.31,180.278,183.947513128,9.137828201504696,2.740109713060383,1.5932698319756389,-0.12,46.00458297829599,0.0,0.0,6.923737199690624,0.0,6.923737199690624,0.0,0.0,0.0,24.43574688609339,0.616259448223734,4.27337962962963,0.0,0.1428571428571428,0,2.6585,0,2,0,0,0,0,1.6797
*CC(=S)c1ccc(O*)s1,156.23099999999997,152.19899999999998,155.970356748,8.267584713501616,2.1449479572504413,1.2657956651034052,-0.4100000000000001,28.419226639733058,0.0,0.0,6.923737199690624,0.0,6.923737199690624,0.0,9.23,0.0,17.324400837887403,0.4584741118669689,4.125925925925926,0.0,0.1666666666666666,0,2.2768000000000006,0,1,0,0,0,0,1.6344
*CC(=S)c1ccc(C(*)=S)cc1,178.28099999999998,172.23299999999998,177.991092192,9.844934982691242,1.7961311058782303,0.9963272881692744,-0.6000000000000001,34.667797100361256,0.0,0.0,6.923737199690624,0.0,6.923737199690624,0.0,0.0,0.0,24.43574688609339,0.576452953094818,8.472685185185185,0.0,0.1111111111111111,0,2.5970000000000004,0,2,0,0,0,0,1.4834
*CC(=S)c1ccc(N*)cc1,149.218,142.16199999999998,149.029920224,8.974691494688164,1.4425777152849564,0.7922031429373427,-0.8900000000000001,22.76982703648188,0.0,0.0,6.923737199690624,0.0,6.923737199690624,0.0,12.03,0.0,12.217873443046695,0.6843168934240361,8.524999999999999,0.0,0.125,1,2.2484,0,1,0,0,0,0,2.1148
*CC(=S)c1ccc(O*)cc1,150.202,144.15399999999997,150.013935812,8.974691494688164,1.411993812106244,0.7769111913479866,-0.8900000000000001,17.08244076179832,0.0,0.0,6.923737199690624,0.0,6.923737199690624,0.0,9.23,0.0,17.324400837887403,0.4186918934240361,8.177777777777777,0.0,0.125,0,2.2153,0,1,0,0,0,0,2.3706
*CC(=S)CC(*)=S,116.21,112.178,115.975442128,6.568914100752346,0.5580127018922192,0.4182581518689038,0.18,34.667797100361256,0.0,0.0,13.344558822616634,0.0,6.923737199690624,0.0,0.0,0.0,24.43574688609339,0.8154166666666667,0.0,0.0,0.5,0,1.5907,0,2,0,0,0,0,2.5638
*CC(=S)CO*,88.131,84.09899999999999,87.998285748,5.698670612749268,0.2788387679126026,0.0,0.0499999999999999,17.08244076179832,0.0,0.0,6.923737199690624,5.106527394840706,6.923737199690624,0.0,9.23,0.0,17.324400837887403,0.6541203703703704,0.0,0.0,0.6666666666666666,0,0.8048,0,1,0,0,0,0,2.5314
*CC(=S)C(=O)C(*)=S,130.19299999999998,128.177,129.954706684,7.439157588755425,0.7167433491449189,0.2957531754730548,-0.15,40.451042046726194,0.0,0.0,6.923737199690624,4.794537184071822,6.923737199690624,0.0,17.07,5.783244946364939,24.43574688609339,0.1714814814814814,0.0,0.0,0.25,0,0.7697,1,2,0,0,1,0,0.725
*CC(=S)C(=O)O*,102.114,100.09799999999998,101.977550304,6.568914100752346,0.3943375672974064,0.0,-0.44,23.05174604975017,0.0,0.0,6.923737199690624,9.901064578912528,6.923737199690624,0.0,26.3,5.969305287951849,12.217873443046695,0.0101851851851851,0.0,0.0,0.3333333333333333,0,0.3314,1,1,0,0,0,0,2.0697
*CC(=S)NC(*)=S,117.19799999999998,114.174,116.970691096,6.568914100752346,0.3945745654962156,0.2957531754730548,-0.02,34.91566666633439,5.316788604006331,0.0,6.923737199690624,0.0,6.923737199690624,0.0,12.03,0.0,24.43574688609339,0.6418055555555555,0.0,0.0,0.3333333333333333,1,0.7052,0,2,0,0,0,0,1.7598
*CC(=S)NO*,89.11899999999999,86.095,88.993534716,5.698670612749268,0.1971687836487032,0.0,-0.15,17.206375544784887,5.480096598121202,0.0,6.923737199690624,5.20725302477729,6.923737199690624,0.0,21.26,0.0,17.425126467823986,0.4805092592592593,0.0,0.0,0.5,1,0.2668999999999999,0,1,0,0,0,0,3.2554
*CC(=S)OC(*)=S,118.182,116.166,117.954706684,6.568914100752346,0.3221687836487032,0.241481456572267,-0.02,35.039917783535074,0.0,0.0,6.923737199690624,4.736862953800049,6.923737199690624,0.0,9.23,0.0,29.17260983989344,5.504074074074074,0.0,0.0,0.3333333333333333,0,1.1322,0,2,0,0,0,0,2.7744
*CNc1ccc(-c2ccc(*)cc2)s1,187.267,178.19499999999996,187.045570288,10.673362107437434,2.8750098925201337,1.974391151176471,-1.28,22.40423492308421,0.0,0.0,0.0,0.0,0.0,10.440598685398296,12.03,0.0,0.0,0.8247743449231544,15.055154819643905,1.2400110754178215,0.0909090909090909,1,2.508400000000001,0,0,0,0,0,0,3.3441
*CNc1ccc(C(*)=O)s1,139.17899999999997,134.13899999999998,139.00918478,8.267584713501616,1.8204818875659885,1.1106663776156958,-0.8300000000000001,22.62402837775216,0.0,0.0,0.0,0.0,0.0,0.0,29.1,0.0,0.0,0.2991534391534393,3.9578703703703706,1.1710610355253213,0.1666666666666666,1,1.3562999999999998,1,0,0,0,0,0,2.5818
*CNc1ccc(C(*)=S)s1,155.247,150.207,154.98634116,8.267584713501616,2.1883330177637466,1.3037077593596729,-0.4100000000000001,33.92322419318554,0.0,0.0,0.0,0.0,0.0,0.0,12.03,0.0,12.217873443046695,0.7216071428571428,4.299537037037037,1.239088246409675,0.1666666666666666,1,1.8916,0,1,0,0,0,0,1.6806
*CNc1ccc(N*)s1,126.184,120.136,126.025169192,7.397341225498538,1.6365563224671096,1.014145686743707,-0.7000000000000002,21.338949831310472,0.0,0.0,0.0,0.0,0.0,0.0,24.06,0.0,0.0,0.834229969765684,4.325694444444444,1.2601577853363568,0.2,2,1.5429999999999997,0,0,0,0,0,0,3.5157
*CNc1ccc(O*)s1,127.16799999999998,122.128,127.00918478,7.397341225498538,1.5931712619538048,0.9762335924874396,-0.7000000000000002,16.337867854622605,0.0,0.0,0.0,0.0,0.0,0.0,21.26,0.0,5.106527394840706,0.5638218065003778,4.152083333333334,1.2323800075585791,0.2,1,1.5099,0,0,0,0,0,0,3.6125
*CNc1ccc(-c2ccc(*)s2)cc1,187.267,178.19499999999996,187.045570288,10.673362107437434,2.690805838599375,1.801795305358669,-1.2800000000000002,22.40423492308421,0.0,0.0,0.0,0.0,0.0,10.440598685398296,12.03,0.0,0.0,0.8362778197698832,13.381026077097506,1.2296992052994038,0.0909090909090909,1,2.508400000000001,0,0,0,0,0,0,3.1255
*CNc1ccc(C(*)=O)cc1,133.14999999999998,126.09399999999997,133.052763844,8.974691494688164,1.2068754548894405,0.6561203794493884,-1.31,11.973546797813118,0.0,0.0,0.0,0.0,0.0,0.0,29.1,0.0,0.0,0.2636642573696144,7.841666666666667,1.1678254913076342,0.125,1,1.2948,1,0,0,0,0,0,3.1969
*CNc1ccc(N*)cc1,120.15499999999996,112.09099999999998,120.068748256,8.104448006685086,1.0890243246916822,0.5880789977054113,-1.1800000000000002,11.374772549367124,0.0,0.0,0.0,0.0,0.0,0.0,24.06,0.0,0.0,0.7830508314436885,8.577314814814816,1.2367561885865457,0.1428571428571428,2,1.4814999999999996,0,0,0,0,0,0,3.4981
*CNc1ccc(O*)cc1,121.13899999999995,114.08299999999996,121.052763844,8.104448006685086,1.05844042151297,0.572787046116055,-1.1800000000000002,5.687386274683562,0.0,0.0,0.0,0.0,0.0,0.0,21.26,0.0,5.106527394840706,0.5174258314436885,8.230092592592593,1.2163480253212398,0.1428571428571428,1,1.4484,0,0,0,0,0,0,3.7495
*CNCc1ccc(*)s1,125.19599999999996,118.14,125.029920224,7.397341225498538,1.6230609190964134,1.0866765613232934,-0.3400000000000001,16.716848648400653,5.316788604006331,0.0,6.544756405912575,6.544756405912575,0.0,0.0,12.03,0.0,0.0,1.0190693499622072,4.5690192743764175,1.3229355631141346,0.3333333333333333,1,0.5191000000000001,0,0,0,0,0,0,4.1265
*CNCc1ccc(*)cc1,119.16699999999996,110.09499999999996,119.073499288,8.104448006685086,1.1163932517538648,0.6836010285339089,-0.8200000000000001,6.06636706846161,5.316788604006331,0.0,6.544756405912575,6.544756405912575,0.0,0.0,12.03,0.0,0.0,0.9507589285714284,10.653893613000756,1.301216695011338,0.25,1,0.4576,0,0,0,0,0,0,4.4323
*CNCC(*)=O,71.079,66.03899999999999,71.03711378,5.698670612749268,0.1971687836487032,0.0510310363079828,-0.37,6.286160523129555,5.316788604006331,0.0,0.0,4.794537184071822,0.0,0.0,29.1,0.0,0.0,0.4811111111111111,0.0,1.1645833333333333,0.6666666666666666,1,-0.8413000000000002,1,0,0,0,0,0,3.6121
*CNCC(*)=S,87.14699999999999,82.107,87.01427016,5.698670612749268,0.3415063509461096,0.1530931089239486,0.0499999999999999,17.585356338562935,5.316788604006331,0.0,0.0,0.0,0.0,0.0,12.03,0.0,12.217873443046695,0.9440740740740742,0.0,1.2979166666666666,0.6666666666666666,1,-0.0405,0,1,0,0,0,0,2.6614
*CNCN*,58.084,52.036,58.05309819199999,4.82842712474619,0.1249999999999999,0.0,-0.08,0.0,11.050456081168516,0.0,0.0,0.0,0.0,0.0,24.06,0.0,0.0,1.0727777777777778,0.0,1.3325,1.0,2,-0.9058000000000002,0,0,0,0,0,0,6.2293
*CNCO*,59.068,54.028,59.03711378,4.82842712474619,0.1020620726159657,0.0,-0.08,0.0,5.316788604006331,0.0,0.0,5.106527394840706,0.0,0.0,21.26,0.0,5.106527394840706,0.7827777777777778,0.0,1.27,1.0,1,-0.4788000000000001,0,0,0,0,0,0,6.9282
*CNC(=O)c1ccc(*)s1,139.17899999999997,134.13899999999998,139.00918478,8.267584713501616,1.651306045616305,1.0143835011764812,-0.8300000000000001,22.62402837775216,5.316788604006331,0.0,0.0,0.0,0.0,0.0,29.1,5.907179729351506,0.0,0.5953193499622073,4.027584089191232,0.960667044595616,0.1666666666666666,1,0.1593000000000001,1,0,0,0,0,0,3.849
*CNC(=O)C(*)=S,101.13,98.106,100.993534716,6.568914100752346,0.4386502402209702,0.1082531754730548,-0.44,23.49253606791444,5.316788604006331,0.0,0.0,4.794537184071822,0.0,0.0,29.1,5.907179729351506,12.217873443046695,0.300138888888889,0.0,0.9356481481481482,0.3333333333333333,1,-0.5139,1,1,0,0,0,0,2.3654
*CNC(=S)c1ccc(*)s1,155.247,150.207,154.98634116,8.267584713501616,2.163494743111469,1.2074248829204584,-0.41,33.92322419318554,5.316788604006331,0.0,0.0,0.0,0.0,0.0,12.03,0.0,12.217873443046695,0.8212452758881331,4.369250755857899,1.1690003779289493,0.1666666666666666,1,0.6946000000000001,0,1,0,0,0,0,2.7289
*CNC(=S)c1ccc(*)cc1,149.218,142.16199999999998,149.029920224,8.974691494688164,1.5210191692781927,0.7764140853555507,-0.89,23.272742613246496,5.316788604006331,0.0,0.0,0.0,0.0,0.0,12.03,0.0,12.217873443046695,0.7746241969009827,10.192134353741498,1.1472815098261526,0.125,1,0.6331,0,1,0,0,0,0,3.1832
*CNC(=S)C(*)=O,101.13,98.106,100.993534716,6.568914100752346,0.480925734902411,0.0360843918243516,-0.44,23.492536067914443,5.316788604006331,0.0,0.0,4.794537184071822,0.0,0.0,29.1,6.286160523129555,12.217873443046695,0.1788425925925927,0.0,1.0106481481481482,0.3333333333333333,1,-0.5139,1,1,0,0,0,0,2.1003
*CNC(=S)N*,88.135,84.10300000000001,88.009519128,5.698670612749268,0.3048946985944281,0.0,-0.31,17.330310327771453,11.050456081168516,0.0,0.0,0.0,0.0,0.0,24.06,0.0,12.217873443046695,0.7705092592592593,0.0,1.178564814814815,0.5,2,-0.5784000000000002,0,1,0,0,0,0,3.9125
*CNC(=S)O*,89.119,86.095,88.993534716,5.698670612749268,0.2886751345948128,0.0,-0.31,17.392435886371796,5.316788604006331,0.0,0.0,5.106527394840706,0.0,0.0,21.26,0.0,17.324400837887403,0.4805092592592593,0.0,1.116064814814815,0.5,1,-0.1514,0,1,0,0,0,0,4.2201
*CNOc1ccc(*)s1,127.16799999999998,122.128,127.00918478,7.397341225498538,1.2942707448820296,0.8430755427874944,-0.54,16.716848648400653,5.480096598121202,0.0,0.0,0.0,0.0,0.0,21.26,0.0,4.8375885837366335,0.8140693499622071,4.221797052154194,1.1007133408919123,0.2,1,0.3129000000000001,0,0,0,0,0,0,4.0591
*CNOc1ccc(*)cc1,121.13899999999995,114.08299999999998,121.052763844,8.104448006685086,0.8776695234608329,0.5229772976622743,-1.02,6.06636706846161,5.480096598121202,0.0,0.0,0.0,0.0,0.0,21.26,0.0,4.8375885837366335,0.770203373015873,9.879449168556311,1.0789944727891156,0.1428571428571428,1,0.2514000000000001,0,0,0,0,0,0,4.1647
*CNOC(*)=S,89.119,86.095,88.993534716,5.698670612749268,0.1971687836487032,0.0883883476483184,-0.15,17.771416680149844,5.480096598121202,0.0,0.0,4.8375885837366335,0.0,0.0,21.26,0.0,17.055462026783328,0.596851851851852,0.0,1.0756944444444445,0.5,1,-0.1514,0,1,0,0,0,0,3.5947
*CNON*,60.056,56.024,60.032362748,4.82842712474619,0.0721687836487032,0.0,-0.12,0.0,11.377072069398258,0.0,0.0,4.938314213673218,0.0,0.0,33.29,0.0,0.0,0.7255555555555556,0.0,1.1102777777777777,1.0,2,-1.0167000000000002,0,0,0,0,0,0,4.8889
*COc1ccc(-c2ccc(*)cc2)s1,188.251,180.187,188.029585876,10.673362107437434,2.773166437074724,1.9058011864290567,-1.28,17.403152946396347,0.0,0.0,0.0,0.0,0.0,10.440598685398296,9.23,0.0,4.736862953800049,6.275015038422776,14.769546826446629,0.9900110754178214,0.0909090909090909,0,2.4753000000000007,0,0,0,0,0,0,3.0939
*COc1ccc(O*)s1,128.152,124.11999999999998,127.993200368,7.397341225498538,1.4913278065083948,0.9102212185099828,-0.7000000000000002,11.336785877934735,0.0,0.0,0.0,0.0,0.0,0.0,18.46,0.0,9.843390348640757,5.79067365835223,3.978472222222222,0.9823800075585788,0.2,0,1.4768,0,0,0,0,0,0,4.3601
*COc1ccc(O*)cc1,122.12299999999998,116.07499999999996,122.036779432,8.104448006685086,0.9903990397689928,0.5358690091938786,-1.1800000000000002,0.0,0.0,0.0,0.0,0.0,0.0,0.0,18.46,0.0,9.843390348640757,5.767204743008314,7.882870370370371,0.9663480253212396,0.1428571428571428,0,1.4153,0,0,0,0,0,0,4.685
*COC(=O)O*,74.035,72.019,74.00039392400001,5.698670612749268,0.1178511301977579,0.0,-0.73,6.155365629538759,0.0,0.0,0.0,9.843390348640757,0.0,0.0,35.53,0.0,0.0,4.468703703703704,0.0,0.6577314814814814,0.5,0,0.1106999999999999,1,0,0,0,0,0,7.1042
*COC(=S)O*,90.103,88.08699999999999,89.977550304,5.698670612749268,0.2357022603955158,0.0,-0.31,17.45456144497214,0.0,0.0,0.0,9.843390348640757,0.0,0.0,18.46,0.0,9.843390348640757,5.180740740740741,0.0,0.8660648148148148,0.5,0,0.2755999999999999,0,1,0,0,0,0,3.6556
*CONC(*)=O,73.051,70.02699999999999,73.016378336,5.698670612749268,0.1138354503153699,0.0294627825494394,-0.5700000000000001,6.410095306116121,5.480096598121202,0.0,0.0,4.8375885837366335,0.0,0.0,38.33,6.410095306116121,0.0,0.1338888888888889,0.0,0.8034722222222223,0.5,1,-0.3162999999999999,1,0,0,0,0,0,5.5012
*CONO*,61.040000000000006,58.016,61.016378336,4.82842712474619,0.0589255650988789,0.0,-0.12,0.0,5.643404592236074,0.0,0.0,10.044841608513924,0.0,0.0,30.49,0.0,0.0,0.4355555555555556,0.0,0.9088888888888887,1.0,1,-0.5897000000000001,0,0,0,0,0,0,5.9349
*C(=O)c1ccc(-c2ccc(-c3ccc(*)s3)s2)s1,274.391,268.343,273.958077812,13.405412915006313,5.525236267409914,4.135071731397361,-1.2299999999999998,45.67658092739968,0.0,0.0,0.0,0.0,0.0,19.5085887748052,17.07,0.0,0.0,0.1059929289285351,12.984633790231731,0.0,0.0,0,4.069200000000001,1,0,0,0,0,0,1.2608
*C(=O)c1ccc(-c2ccc(C(*)=S)s2)s1,236.342,232.31,235.942427748,11.706742302257044,4.183564782132192,2.932142541225008,-0.8400000000000001,46.545088617561966,0.0,0.0,0.0,0.0,0.0,9.7542943874026,17.07,0.0,12.217873443046695,-0.0740223188040646,8.252024754346184,0.0,0.0,0,3.3909,1,1,0,0,0,0,1.6466
*Oc1ccc(-c2ccc(C(*)=O)s2)s1,208.263,204.231,207.965271368,10.836498814253964,3.58840302632225,2.604668374352774,-1.13,28.95973227899903,0.0,0.0,0.0,0.0,0.0,9.7542943874026,26.3,0.0,5.106527394840706,-0.2320264340304021,8.076285430839002,0.0,0.0,0,3.0092000000000008,1,0,0,0,0,0,2.3145
*C(=O)c1ccc(-c2ccc(-c3ccc(*)s3)cc2)s1,268.362,260.29799999999994,268.001656876,14.11251969619286,4.508815214631296,3.200782742463117,-1.7099999999999995,34.339795049464946,0.0,0.0,0.0,0.0,0.0,20.881197370796592,17.07,0.0,0.0,0.0906723076188337,17.248558717717266,0.0,0.0,0,4.007700000000002,1,0,0,0,0,0,1.5224
*C(=O)c1ccc(-c2ccc(C(*)=S)cc2)s1,230.313,224.265,229.986006812,12.41384908344359,3.2605870913168777,2.1911905800417903,-1.32,35.20830273962723,0.0,0.0,0.0,0.0,0.0,10.440598685398296,17.07,0.0,12.217873443046695,-0.095814345570388,12.392451236667506,0.0,0.0,0,3.3294000000000006,1,1,0,0,0,0,1.9265
*Oc1ccc(-c2ccc(C(*)=O)s2)cc1,202.234,196.186,202.008850432,11.543605595440512,2.8764497975448924,1.971774483220503,-1.61,17.622946401064294,0.0,0.0,0.0,0.0,0.0,10.440598685398296,26.3,0.0,5.106527394840706,-0.2541461484476455,12.078100828294282,0.0,0.0,0,2.947700000000001,1,0,0,0,0,0,2.0204
*C(=O)c1ccc(C(=O)c2ccc(*)s2)s1,220.274,216.242,219.965271368,11.706742302257044,3.401849835994728,2.419264200403139,-1.2599999999999998,40.123039995829885,0.0,0.0,0.0,0.0,0.0,0.0,34.14,12.069405469494496,0.0,-0.1105282869320564,7.526989166036785,0.0,0.0,0,1.9047,2,0,0,0,0,0,1.863
*C(=O)c1ccc(C(=O)C(*)=S)s1,182.225,180.209,181.949621304,10.008071689507773,2.1891940305993924,1.43410989669271,-0.8700000000000001,40.99154768599217,0.0,0.0,0.0,0.0,0.0,0.0,34.14,12.069405469494496,12.217873443046695,-0.4655857898715041,3.46,0.0,0.0,0,1.497,2,1,0,0,1,0,1.1902
*OC(=O)c1ccc(C(*)=O)s1,154.14599999999996,152.12999999999997,153.972464924,9.137828201504696,1.8697645942016712,1.1365290187877393,-1.16,23.59225168901614,0.0,0.0,0.0,5.106527394840706,0.0,0.0,43.370000000000005,12.255465811081404,5.106527394840706,-0.6233711262282691,3.385046296296296,0.0,0.0,0,1.0587,2,0,0,0,0,0,3.202
*OC(=S)c1ccc(C(*)=O)s1,170.21399999999997,168.19799999999998,169.949621304,9.137828201504696,2.237615724399429,1.3295704005317164,-0.74,34.89144750444952,0.0,0.0,0.0,5.106527394840706,0.0,0.0,26.3,0.0,17.324400837887403,-0.3470105820105817,3.7267129629629614,0.0,0.0,0,1.594,1,1,0,0,0,0,2.3663
*C(=O)c1ccc(Oc2ccc(*)s2)s1,208.263,204.231,207.965271368,10.836498814253964,2.864555929822814,2.0465681292253364,-1.13,34.339795049464946,0.0,0.0,0.0,0.0,0.0,0.0,26.3,0.0,4.736862953800049,5.73692069265978,7.915415091962711,0.0,0.0,0,2.466,1,0,0,0,0,0,2.4838
*C(=O)c1ccc(OC(*)=S)s1,170.214,168.19799999999998,169.949621304,9.137828201504696,1.7674539685894872,1.227358126232135,-0.7400000000000002,35.39436308121414,0.0,0.0,0.0,0.0,0.0,0.0,26.3,0.0,16.954736396846744,5.05890022675737,3.654212962962963,0.0,0.0,0,1.6506,1,1,0,0,0,0,1.6701
*C(=O)c1ccc(-c2ccc(-c3ccc(*)cc3)s2)cc1,262.333,252.253,262.04523594,14.819626477379408,4.079412835875509,2.918832590114612,-2.1899999999999995,23.689313469525903,0.0,0.0,0.0,0.0,0.0,20.881197370796592,17.07,0.0,0.0,0.0587406798006964,22.90838167920641,0.0,0.0,0,3.946200000000002,1,0,0,0,0,0,1.7624
*Oc1ccc(-c2ccc(C(*)=O)cc2)s1,202.234,196.186,202.008850432,11.543605595440512,2.7975742053091786,1.9206750314255805,-1.61,17.622946401064294,0.0,0.0,0.0,0.0,0.0,10.440598685398296,26.3,0.0,5.106527394840706,-0.2541461484476452,11.993745118417738,0.0,0.0,0,2.947700000000001,1,0,0,0,0,0,2.7538
*C(=O)c1ccc(-c2ccc(-c3ccc(*)cc3)cc2)cc1,256.304,244.208,256.088815004,15.526733258565956,3.27255166857701,2.165192009853105,-2.669999999999999,12.352527591591166,0.0,0.0,0.0,0.0,0.0,22.253805966787983,17.07,0.0,0.0,0.0477582615314328,27.08573310309158,0.0,0.0,0,3.884700000000002,1,0,0,0,0,0,2.5479
*C(=O)c1ccc(-c2ccc(C(*)=S)cc2)cc1,224.284,216.22,224.029585876,13.12095586463014,2.5745382130438665,1.5975214414509655,-1.7999999999999998,23.87151686169249,0.0,0.0,0.0,0.0,0.0,11.126902983393991,17.07,0.0,12.217873443046695,-0.1151128841496809,16.32049172755522,0.0,0.0,0,3.267900000000002,1,1,0,0,0,0,2.0643
*C(=O)c1ccc(C(=O)c2ccc(*)s2)cc1,214.245,208.197,214.008850432,12.41384908344359,2.755688921471956,1.804853282354355,-1.7399999999999998,28.786254117895147,0.0,0.0,0.0,0.0,0.0,0.0,34.14,12.069405469494496,0.0,-0.1109375579126661,11.025957000083984,0.0,0.0,0,1.8432,2,0,0,0,0,0,2.4807
*C(=O)c1ccc(C(=O)c2ccc(*)cc2)cc1,208.216,200.152,208.052429496,13.12095586463014,2.2453622174409213,1.3945798802472376,-2.22,18.135772537956104,0.0,0.0,0.0,0.0,0.0,0.0,34.14,12.069405469494496,0.0,-0.1038118637415177,16.2497961795166,0.0,0.0,0,1.7817,2,0,0,0,0,0,2.9556
*C(=O)c1ccc(C(=O)C(*)=S)cc1,176.196,172.16399999999996,175.993200368,10.71517847069432,1.543033116076622,0.8664206596255779,-1.35,29.65476180805743,0.0,0.0,0.0,0.0,0.0,0.0,34.14,12.069405469494496,12.217873443046695,-0.4689752876459225,6.8459259259259255,0.0,0.0,0,1.4355,2,1,0,0,1,0,1.6753
*OC(=S)c1ccc(C(*)=O)cc1,164.18499999999997,160.15299999999996,163.993200368,9.844934982691242,1.4741558304485405,0.8104347762275391,-1.2199999999999998,23.554661626514783,0.0,0.0,0.0,5.106527394840706,0.0,0.0,26.3,0.0,17.324400837887403,-0.3663196806500377,7.379351851851852,0.0,0.0,0,1.5325,1,1,0,0,0,0,2.5144
*C(=O)c1ccc(Oc2ccc(*)s2)cc1,202.234,196.186,202.008850432,11.543605595440512,2.3121204979098806,1.5164181569201445,-1.61,23.00300917153021,0.0,0.0,0.0,0.0,0.0,0.0,26.3,0.0,4.736862953800049,5.74026709061341,11.608595888972872,0.0,0.0,0,2.4045000000000005,1,0,0,0,0,0,3.0776
*C(=O)c1ccc(OC(*)=S)cc1,164.185,160.15299999999996,163.993200368,9.844934982691242,1.2150185366765545,0.7353562467036581,-1.2200000000000002,24.0575772032794,0.0,0.0,0.0,0.0,0.0,0.0,26.3,0.0,16.954736396846744,5.059266397917192,7.2343518518518515,0.0,0.0,0,1.5891,1,1,0,0,0,0,2.0547
*C(=O)C(=S)OC(*)=S,132.165,132.165,131.93397124,7.439157588755425,0.4676977029746496,0.2364264422572819,-0.3500000000000001,41.32607830666463,0.0,0.0,0.0,9.53140013787187,0.0,0.0,26.3,11.33678818346809,4.736862953800049,4.385138888888889,0.0,0.0,0.0,0,0.2404999999999999,1,2,0,0,0,0,1.4146
*C(=O)Oc1ccc(C(*)=S)s1,170.21399999999997,168.19799999999998,169.949621304,9.137828201504696,2.051971765453912,1.2702249129276777,-0.7400000000000002,35.39436308121414,0.0,0.0,0.0,0.0,0.0,0.0,26.3,6.472220864716464,16.954736396846744,4.781122448979591,3.769953703703704,0.0,0.0,0,2.021,1,1,0,0,0,0,1.9856
*Oc1ccc(OC(*)=O)s1,142.135,140.11899999999997,141.972464924,8.267584713501616,1.4568100096439702,0.9453283368254012,-1.0300000000000002,17.8090067426512,0.0,0.0,0.0,0.0,0.0,0.0,35.53,6.472220864716464,9.843390348640757,4.554633408919123,3.6225,0.0,0.0,0,1.6393,1,0,0,0,0,0,3.6706
*C(=O)Oc1ccc(C(*)=S)cc1,164.18499999999997,160.15299999999996,163.993200368,9.844934982691242,1.367387463738737,0.7752139653266746,-1.2200000000000002,24.0575772032794,0.0,0.0,0.0,0.0,0.0,0.0,26.3,6.472220864716464,16.954736396846744,4.756923238431174,7.465833333333333,0.0,0.0,0,1.9595,1,1,0,0,0,0,2.3448
*OC(=O)OC(*)=O,88.018,88.018,87.97965848,6.568914100752346,0.125,0.0340206908719886,-1.06,12.627586494255224,0.0,0.0,0.0,9.843390348640757,0.0,0.0,52.6,6.472220864716464,0.0,3.1564814814814808,0.0,0.0,0.0,0,0.2732,2,0,0,0,0,0,5.926
*OC(=S)OC(*)=O,104.08599999999998,104.08599999999998,103.95681486,6.568914100752346,0.2083333333333333,0.0680413817439771,-0.6400000000000001,23.926782309688605,0.0,0.0,0.0,9.843390348640757,0.0,0.0,35.53,11.708908866641906,0.0,3.868518518518519,0.0,0.0,0.0,0,0.4381,1,1,0,0,0,0,3.9378
*Nc1ccc(-c2ccc(-c3ccc(*)s3)s2)s1,261.396,254.34,260.974062224,12.535169427003234,5.341310702311035,4.038551040525372,-1.1,44.391502380958,0.0,0.0,0.0,0.0,0.0,19.5085887748052,12.03,0.0,0.0,0.5991058765869373,13.565169644635734,0.0,0.0,1,4.2559000000000005,0,0,0,0,0,0,1.5003
*Cc1ccc(-c2ccc(N*)s2)s1,193.296,186.24,193.001991224,9.966255326250886,3.5457935606232613,2.631636949532027,-0.8,27.674653732557346,0.0,0.0,6.923737199690624,6.923737199690624,0.0,9.7542943874026,12.03,0.0,0.0,0.8007101914840009,9.02771447467876,0.0,0.1111111111111111,1,3.402100000000001,0,0,0,0,0,0,2.8559
*Nc1ccc(-c2ccc(C(*)=O)s2)s1,207.279,202.239,206.98125578,10.836498814253964,3.631788086835555,2.642580468609041,-1.13,33.9608142556869,0.0,0.0,0.0,0.0,0.0,9.7542943874026,29.1,0.0,0.0,0.0303192449819436,8.298082482993198,0.0,0.0,1,3.0423,1,0,0,0,0,0,1.9451
*Nc1ccc(-c2ccc(C(*)=S)s2)s1,223.347,218.307,222.95841216,10.836498814253964,3.999639217033313,2.835621850353019,-0.7100000000000002,45.26001007112028,0.0,0.0,0.0,0.0,0.0,9.7542943874026,12.03,0.0,12.217873443046695,0.4340229486856471,8.759859693877551,0.0,0.0,1,3.5776000000000003,0,1,0,0,0,0,1.9074
*Nc1ccc(-c2ccc(-c3ccc(*)s3)cc2)s1,255.367,246.295,255.017641288,13.242276208189782,4.324889649532418,3.104262051591128,-1.5799999999999998,33.05471650302326,0.0,0.0,0.0,0.0,0.0,20.881197370796592,12.03,0.0,0.0,0.5787215624950113,17.957228673302808,0.0,0.0,1,4.194400000000002,0,0,0,0,0,0,1.6397
*Nc1ccc(-c2ccc(C(*)=S)cc2)s1,217.318,210.262,217.001991224,11.543605595440512,3.076661526217999,2.094669889169802,-1.1900000000000002,33.92322419318554,0.0,0.0,0.0,0.0,0.0,10.440598685398296,12.03,0.0,12.217873443046695,0.4037724312891159,13.040297041656167,0.0,0.0,1,3.5161000000000007,0,1,0,0,0,0,2.3796
*Nc1ccc(C(=O)c2ccc(*)s2)s1,207.279,202.239,206.98125578,10.836498814253964,3.217924270895849,2.3227435095311506,-1.13,38.8379614493882,0.0,0.0,0.0,0.0,0.0,0.0,29.1,5.783244946364939,0.0,0.3975169805576551,8.004638999118164,0.0,0.0,1,2.0914,1,0,0,0,0,0,1.7108
*Nc1ccc(C(=O)C(*)=S)s1,169.23,166.206,168.965605716,9.137828201504696,2.0052684655005137,1.3375892058207215,-0.7400000000000002,39.70646913955048,0.0,0.0,0.0,0.0,0.0,0.0,29.1,5.783244946364939,12.217873443046695,0.0694907407407406,3.8278240740740737,0.0,0.0,1,1.6837,1,1,0,0,1,0,1.4251
*Nc1ccc(C(=S)c2ccc(*)s2)s1,223.347,218.307,222.95841216,10.836498814253964,3.953626531291365,2.708826273019105,-0.71,50.137157264821575,0.0,0.0,0.0,0.0,0.0,0.0,12.03,0.0,12.217873443046695,0.5581367840346015,8.687972332451498,0.0,0.0,1,2.6267000000000005,0,1,0,0,0,0,1.9993
*Nc1ccc(C(=S)c2ccc(*)cc2)s1,217.318,210.262,217.001991224,11.543605595440512,3.311150957458087,2.189204281285936,-1.1899999999999995,39.486675684882535,0.0,0.0,0.0,0.0,0.0,0.0,12.03,0.0,12.217873443046695,0.5291989218526918,14.518396741412616,0.0,0.0,1,2.565200000000001,0,1,0,0,0,0,1.7781
*Nc1ccc(Nc2ccc(*)s2)s1,194.284,188.236,193.997240192,9.966255326250886,2.8500731406980906,2.1297021277871733,-1.0,43.056880456398986,0.0,0.0,0.0,0.0,0.0,0.0,24.06,0.0,0.0,0.630151145334677,8.740287147266313,0.0,0.0,2,2.604,0,0,0,0,0,0,3.4208
*Nc1ccc(NC(*)=S)s1,156.235,152.203,155.981590128,8.267584713501616,1.6963429004016348,1.2410685149487328,-0.6100000000000003,39.04824095285997,0.0,0.0,0.0,0.0,0.0,0.0,24.06,0.0,12.217873443046695,0.4511989795918368,4.195648148148148,0.0,0.0,2,1.8704,0,1,0,0,0,0,2.1538
*Nc1ccc(Oc2ccc(*)s2)s1,195.268,190.228,194.98125578,9.966255326250886,2.6806303647239345,1.950047438353348,-1.0,33.05471650302326,0.0,0.0,0.0,0.0,0.0,0.0,21.26,0.0,4.736862953800049,6.308854849038381,8.393064925044092,0.0,0.0,1,2.6527000000000003,0,0,0,0,0,0,3.9124
*Nc1ccc(OC(*)=S)s1,157.219,154.195,156.965605716,8.267584713501616,1.5835284034906083,1.1308374353601462,-0.6100000000000003,34.10928453477245,0.0,0.0,0.0,0.0,0.0,0.0,21.26,0.0,16.954736396846744,5.657865646258504,4.022037037037037,0.0,0.0,1,1.8373,0,1,0,0,0,0,2.6588
*Nc1ccc(-c2ccc(-c3ccc(*)s3)s2)cc1,255.367,246.295,255.017641288,13.242276208189782,4.616556316199085,3.38303700672619,-1.5799999999999996,33.74102080101895,0.0,0.0,0.0,0.0,0.0,20.19489307280089,12.03,0.0,0.0,0.5740101760145951,17.901355319714355,0.0,0.0,1,4.194400000000002,0,0,0,0,0,0,2.587
*Nc1ccc(-c2ccc(-c3ccc(*)cc3)s2)cc1,249.338,238.25,249.061220352,13.94938298937633,3.961561705677751,2.8507912083706346,-2.06,23.090539221079908,0.0,0.0,0.0,0.0,0.0,20.881197370796592,12.03,0.0,0.0,0.5427552915625606,23.901275035922925,0.0,0.0,1,4.132900000000002,0,0,0,0,0,0,1.8163
*Nc1ccc(-c2ccc(C(*)=S)s2)cc1,217.318,210.262,217.001991224,11.543605595440512,3.2748848309213625,2.180107816553836,-1.19,34.60952849118124,0.0,0.0,0.0,0.0,0.0,10.440598685398296,12.03,0.0,12.217873443046695,0.4037724312891158,13.04324396888385,0.0,0.0,1,3.5161000000000007,0,1,0,0,0,0,1.4764
*Nc1ccc(-c2ccc(-c3ccc(*)s3)cc2)cc1,249.338,238.25,249.061220352,13.94938298937633,3.704915206160528,2.539072222128315,-2.06,22.40423492308421,0.0,0.0,0.0,0.0,0.0,21.56750166879229,12.03,0.0,0.0,0.5568338842196926,22.234903236517248,0.0,0.0,1,4.132900000000002,0,0,0,0,0,0,1.8733
*Nc1ccc(-c2ccc(-c3ccc(*)cc3)cc2)cc1,243.30900000000003,230.205,243.104799416,14.656489770562878,3.1547005383792524,2.0971506281091274,-2.539999999999999,11.753753343145172,0.0,0.0,0.0,0.0,0.0,22.253805966787983,12.03,0.0,0.0,0.5285065608511604,28.166580550458967,0.0,0.0,1,4.071400000000002,0,0,0,0,0,0,2.9094
*Cc1ccc(-c2ccc(N*)cc2)cc1,181.238,170.14999999999998,181.089149352,11.380468888623982,2.172169285981684,1.3598737113394814,-1.7599999999999998,5.687386274683562,0.0,0.0,6.923737199690624,6.923737199690624,0.0,11.126902983393991,12.03,0.0,0.0,0.7358589554585226,17.780575081884606,0.0,0.0769230769230769,1,3.279100000000001,0,0,0,0,0,0,3.4971
*Nc1ccc(-c2ccc(C(*)=S)cc2)cc1,211.289,202.217,211.045570288,12.25071237662706,2.4566870828461087,1.5294800597069884,-1.67,23.272742613246496,0.0,0.0,0.0,0.0,0.0,11.126902983393991,12.03,0.0,12.217873443046695,0.3780000635087213,17.27579139371798,0.0,0.0,1,3.454600000000001,0,1,0,0,0,0,2.3255
*Nc1ccc(-c2ccc(O*)cc2)cc1,183.21,174.13799999999995,183.068413908,11.380468888623982,2.0725497890741225,1.3100639628857007,-1.96,5.687386274683562,0.0,0.0,0.0,0.0,0.0,11.126902983393991,21.26,0.0,5.106527394840706,0.2193300298386875,16.941997984378936,0.0,0.0,1,3.072900000000001,0,0,0,0,0,0,3.4585
*Nc1ccc(C(=O)c2ccc(*)s2)cc1,201.25,194.194,201.024834844,11.543605595440512,2.637837791274198,1.7368119006103775,-1.61,28.187479869449152,0.0,0.0,0.0,0.0,0.0,0.0,29.1,5.783244946364939,0.0,0.388649218946838,11.850024644116903,0.0,0.0,1,2.0299,1,0,0,0,0,0,2.3459
*Nc1ccc(C(=O)C(*)=S)cc1,163.201,158.16099999999997,163.00918478,9.844934982691242,1.4251819858788637,0.7983792778816007,-1.2200000000000002,29.055987559611435,0.0,0.0,0.0,0.0,0.0,0.0,29.1,5.783244946364939,12.217873443046695,0.0504112864281516,7.581574074074075,0.0,0.0,1,1.6222,1,1,0,0,1,0,1.7009
*Nc1ccc(C(=O)O*)cc1,135.122,130.08199999999997,135.0320284,8.974691494688164,1.1206024398552663,0.6063106309956076,-1.5099999999999998,11.656691562635412,0.0,0.0,0.0,5.106527394840706,0.0,0.0,38.33,5.969305287951849,5.106527394840706,-0.1073497732426305,7.431666666666667,0.0,0.0,1,1.1839,1,0,0,0,0,0,3.977
*Nc1ccc(C(=S)c2ccc(*)cc2)cc1,211.289,202.217,211.045570288,12.25071237662706,2.598915608034196,1.5987040254791691,-1.6699999999999997,28.83619410494349,0.0,0.0,0.0,0.0,0.0,0.0,12.03,0.0,12.217873443046695,0.5094116281345715,18.657286380346445,0.0,0.0,1,2.5037000000000003,0,1,0,0,0,0,1.8785
*Nc1ccc(Nc2ccc(*)s2)cc1,188.255,180.191,188.040819256,10.673362107437434,2.3360610959775614,1.572249827994412,-1.48,33.09270317445564,0.0,0.0,0.0,0.0,0.0,0.0,24.06,0.0,0.0,0.5987257495590828,12.953496866339126,0.0,0.0,2,2.5425000000000004,0,0,0,0,0,0,2.8374
*Nc1ccc(NO*)cc1,122.12699999999998,116.07899999999998,122.048012812,8.104448006685086,1.0027513096575087,0.5382692492516303,-1.2200000000000002,11.374772549367124,0.0,0.0,0.0,5.20725302477729,0.0,0.0,33.29,0.0,5.20725302477729,0.2518008314436885,8.167314814814816,0.0,0.0,2,1.3705999999999998,0,0,0,0,0,0,3.6275
*Nc1ccc(Oc2ccc(*)s2)cc1,189.239,182.183,189.024834844,10.673362107437434,2.1942693677121228,1.4483767751761674,-1.48,22.40423492308421,0.0,0.0,0.0,0.0,0.0,0.0,21.26,0.0,4.736862953800049,6.288134290753338,12.432663533005794,0.0,0.0,1,2.5912000000000006,0,0,0,0,0,0,3.4138
*Nc1ccc(Oc2ccc(*)cc2)cc1,183.21,174.13799999999995,183.068413908,11.380468888623982,1.777668146290926,1.0987040254791696,-1.9599999999999995,11.753753343145172,0.0,0.0,0.0,0.0,0.0,0.0,21.26,0.0,4.736862953800049,6.2704018019818895,18.049693787753856,0.0,0.0,1,2.5297,0,0,0,0,0,0,3.2074
*Nc1ccc(OC(*)=S)cc1,151.19,146.14999999999998,151.00918478,8.974691494688164,1.0971674064787964,0.6673148649596807,-1.0900000000000003,23.45880295483341,0.0,0.0,0.0,0.0,0.0,0.0,21.26,0.0,16.954736396846744,5.6269333952716885,7.97,0.0,0.0,1,1.7757999999999998,0,1,0,0,0,0,3.2479
*NC(=O)c1ccc(-c2ccc(*)cc2)s1,201.25,194.194,201.024834844,11.543605595440512,2.965628926629589,2.0219463226051664,-1.6099999999999997,23.31033267574785,5.733667477162185,0.0,0.0,0.0,0.0,10.440598685398296,29.1,5.907179729351506,0.0,0.2326550033593682,14.167574221046442,0.0,0.0,1,1.7838,1,0,0,0,0,0,1.9448
*NC(=O)c1ccc(C(*)=O)s1,153.16199999999998,150.13799999999998,152.988449336,9.137828201504696,1.911100921675444,1.1582215490443917,-1.16,23.5301261304158,5.733667477162185,0.0,0.0,0.0,0.0,0.0,46.17,12.19334025248106,0.0,-0.3529629629629631,3.487546296296296,0.0,0.0,1,0.6317000000000002,2,0,0,0,0,0,2.6812
*NC(=O)c1ccc(C(*)=S)s1,169.23,166.206,168.965605716,9.137828201504696,2.278952051873202,1.3512629307883688,-0.7400000000000002,34.82932194584917,5.733667477162185,0.0,0.0,0.0,0.0,0.0,29.1,5.907179729351506,12.217873443046695,0.0694907407407404,3.8292129629629614,0.0,0.0,1,1.167,1,1,0,0,0,0,1.932
*NC(=O)c1ccc(O*)s1,141.15099999999998,138.12699999999998,140.988449336,8.267584713501616,1.6837902960632605,1.0237887639161354,-1.03,17.243965607286242,5.733667477162185,0.0,0.0,0.0,0.0,0.0,38.33,5.907179729351506,5.106527394840706,-0.0882945956160241,3.681759259259259,0.0,0.0,1,0.7853000000000001,1,0,0,0,0,0,3.0418
*NC(=O)c1ccc(-c2ccc(*)s2)cc1,201.25,194.194,201.024834844,11.543605595440512,2.748870390862608,1.8353188902382216,-1.61,22.62402837775216,5.733667477162185,0.0,0.0,0.0,0.0,10.440598685398296,29.1,5.907179729351506,0.0,0.2441584782060971,12.302581490929704,0.0,0.0,1,1.7838,1,0,0,0,0,0,1.9266
*NC(=O)c1ccc(-c2ccc(*)cc2)cc1,195.221,186.149,195.068413908,12.25071237662706,2.198655723081332,1.3933972962190342,-2.0899999999999994,11.973546797813116,5.733667477162185,0.0,0.0,0.0,0.0,11.126902983393991,29.1,5.907179729351506,0.0,0.2164596039415662,18.0671248157206,0.0,0.0,1,1.7223,1,0,0,0,0,0,2.6675
*NC(=O)c1ccc(C(*)=S)cc1,163.201,158.16099999999997,163.00918478,9.844934982691242,1.5006422675481892,0.8257267278168954,-1.2200000000000002,23.49253606791444,5.733667477162185,0.0,0.0,0.0,0.0,0.0,29.1,5.907179729351506,12.217873443046695,0.0504112864281514,7.584351851851852,0.0,0.0,1,1.1055,1,1,0,0,0,0,2.4238
*NC(=O)c1ccc(O*)cc1,135.122,130.082,135.0320284,8.974691494688164,1.116504973776203,0.6063106309956077,-1.5099999999999998,5.907179729351506,5.733667477162185,0.0,0.0,0.0,0.0,0.0,38.33,5.907179729351506,5.106527394840706,-0.1073497732426305,7.289444444444444,0.0,0.0,1,0.7238,1,0,0,0,0,0,3.6086
*NC(=O)C(=S)c1ccc(*)s1,169.23,166.206,168.965605716,9.137828201504696,2.2502241897489723,1.252734399975186,-0.7400000000000001,39.70646913955048,5.733667477162185,0.0,0.0,4.794537184071822,0.0,0.0,29.1,5.907179729351506,12.217873443046695,0.1691288737717311,4.048000755857899,0.0,0.0,1,0.2212,1,1,0,0,0,0,0.9512
*NC(=O)C(=S)c1ccc(*)cc1,163.201,158.16099999999997,163.00918478,9.844934982691242,1.607748615915696,0.8054463614871672,-1.2200000000000002,29.055987559611435,5.733667477162185,0.0,0.0,4.794537184071822,0.0,0.0,29.1,5.907179729351506,12.217873443046695,0.1498485922146637,9.443530801209372,0.0,0.0,1,0.1597,1,1,0,0,0,0,1.5619
*NC(=O)C(=S)C(*)=O,115.113,114.105,114.972799272,7.439157588755425,0.5676551815399145,0.0463488514873247,-0.77,29.27578101427938,5.733667477162185,0.0,0.0,9.589074368143644,0.0,0.0,46.17,17.057907571232686,0.0,-0.5814814814814815,0.0,0.0,0.0,1,-0.9873000000000004,2,1,0,0,0,0,1.4363
*NC(=O)C(=S)O*,103.102,102.094,102.972799272,6.568914100752346,0.3707908118985982,0.0,-0.6400000000000001,23.17568083273673,5.733667477162185,0.0,0.0,9.901064578912528,0.0,0.0,38.33,10.95780738969004,5.106527394840706,-0.2798148148148147,0.0,0.0,0.0,1,-0.6248,1,1,0,0,0,0,2.095
*NC(=O)Nc1ccc(*)s1,140.16699999999997,136.135,140.004433748,8.267584713501616,1.420354385528387,0.9631723273592204,-1.03,27.74904513742659,5.733667477162185,0.0,0.0,0.0,0.0,0.0,41.13,6.031114512338072,0.0,0.2644529478458051,4.038834089191232,0.0,0.0,2,0.5085,1,0,0,0,0,0,3.137
*NC(=O)Nc1ccc(*)cc1,134.13799999999998,128.08999999999995,134.048012812,8.974691494688164,0.9761021163984734,0.6013222162552355,-1.5099999999999998,17.784867855483245,5.733667477162185,0.0,0.0,0.0,0.0,0.0,41.13,6.031114512338072,0.0,0.2357055461073318,9.45408068783069,0.0,0.0,2,0.4469999999999999,1,0,0,0,0,0,3.4515
*NC(=O)NC(*)=O,86.05,84.03399999999999,86.011627304,6.568914100752346,0.1645620726159657,0.0463488514873247,-1.06,12.441209818454194,11.050456081168516,0.0,0.0,0.0,0.0,0.0,58.2,12.441209818454194,0.0,-0.4528240740740741,-0.3009259259259256,0.0,0.0,2,-0.5808,2,0,0,0,0,0,3.9867
*NC(=O)NC(*)=S,102.118,100.102,101.988783684,6.568914100752346,0.2666241452319315,0.1390465544619743,-0.64,23.740405633887573,11.050456081168516,0.0,0.0,0.0,0.0,0.0,41.13,6.031114512338072,12.217873443046695,0.0101388888888889,-0.0925925925925923,0.0,0.0,2,-0.4158999999999999,1,1,0,0,0,0,2.0371
*NC(=O)NO*,74.039,72.023,74.011627304,5.698670612749268,0.0926977029746495,0.0,-0.77,6.031114512338072,11.213764075283386,0.0,0.0,5.20725302477729,0.0,0.0,50.36,6.031114512338072,0.0,-0.1511574074074073,-0.171296296296296,0.0,0.0,2,-0.8542000000000001,1,0,0,0,0,0,5.0658
*NC(=O)Oc1ccc(*)s1,141.15099999999998,138.12699999999998,140.988449336,8.267584713501616,1.314799664207976,0.880070608546166,-1.03,22.810088719339067,5.733667477162185,0.0,0.0,0.0,0.0,0.0,38.33,6.093240070938415,4.736862953800049,5.117277021919879,3.9005470521541934,0.0,0.0,1,0.4754,1,0,0,0,0,0,3.4227
*NC(=O)Oc1ccc(*)cc1,135.122,130.082,135.0320284,8.974691494688164,0.8981984427867793,0.5466820518602887,-1.5099999999999998,12.159607139400023,5.733667477162185,0.0,0.0,0.0,0.0,0.0,38.33,6.093240070938415,4.736862953800049,5.104177768329555,9.130845616024189,0.0,0.0,1,0.4139,1,0,0,0,0,0,3.4546
*NC(=O)OC(*)=S,103.102,102.094,102.972799272,6.568914100752346,0.2176977029746495,0.1135310363079828,-0.64,23.86465675108826,5.733667477162185,0.0,0.0,4.736862953800049,0.0,0.0,38.33,6.093240070938415,0.0,4.3909259259259255,0.0,0.0,0.0,1,0.0111,1,1,0,0,0,0,2.5812
*NC(=S)c1ccc(C(*)=S)s1,185.298,182.274,184.942762096,9.137828201504696,2.64680318207096,1.544304312532346,-0.32,46.12851776128256,5.733667477162185,0.0,0.0,0.0,0.0,0.0,12.03,0.0,24.43574688609339,0.3458512849584279,4.1708796296296295,0.0,0.0,1,1.7023,0,2,0,0,0,0,1.6122
*NC(=S)c1ccc(O*)s1,157.21899999999997,154.195,156.965605716,8.267584713501616,2.051641426261018,1.2168301456601125,-0.6100000000000001,28.543161422719624,5.733667477162185,0.0,0.0,0.0,0.0,0.0,21.26,0.0,17.324400837887403,0.1880659486016628,4.023425925925926,0.0,0.0,1,1.3206,0,1,0,0,0,0,2.3899
*NC(=S)c1ccc(O*)cc1,151.19,146.14999999999998,151.00918478,8.974691494688164,1.3522072341717188,0.742393394483562,-1.09,17.206375544784887,5.733667477162185,0.0,0.0,0.0,0.0,0.0,21.26,0.0,17.324400837887403,0.1530668934240361,7.972777777777777,0.0,0.0,1,1.2591,0,1,0,0,0,0,2.6021
*NC(=S)C(=O)C(*)=S,131.18099999999998,130.173,130.949955652,7.439157588755425,0.6697172541558801,0.2640465544619743,-0.3500000000000001,40.57497682971276,5.733667477162185,0.0,0.0,4.794537184071822,0.0,0.0,29.1,5.783244946364939,24.43574688609339,-0.1185185185185184,0.0,0.0,0.0,1,-0.1864999999999999,1,2,0,0,1,0,1.5026
*NC(=S)C(=O)O*,103.102,102.094,102.972799272,6.568914100752346,0.3520620726159658,0.0,-0.6400000000000001,23.17568083273673,5.733667477162185,0.0,0.0,9.901064578912528,0.0,0.0,38.33,10.95780738969004,0.0,-0.2798148148148147,0.0,0.0,0.0,1,-0.6248,1,1,0,0,0,0,1.8481
*NC(=S)Nc1ccc(*)cc1,150.206,144.158,150.025169192,8.974691494688164,1.0781641890144391,0.7191733464529935,-1.09,29.084063670916624,5.733667477162185,0.0,0.0,0.0,0.0,0.0,24.06,0.0,12.217873443046695,0.4961222127739985,10.037946900982616,0.0,0.0,2,0.6119,0,1,0,0,0,0,2.6405
*NC(=S)NC(*)=S,118.186,116.17,117.965940064,6.568914100752346,0.3686862178478972,0.2640465544619743,-0.22,35.039601449320955,11.050456081168516,0.0,0.0,0.0,0.0,0.0,24.06,0.0,24.43574688609339,0.3518055555555556,0.0,0.0,0.0,2,-0.2510000000000001,0,2,0,0,0,0,2.0315
*NC(=S)NO*,90.107,88.091,89.988783684,5.698670612749268,0.1760310363079829,0.0,-0.35,17.330310327771453,11.213764075283386,0.0,0.0,5.20725302477729,0.0,0.0,33.29,0.0,17.425126467823986,0.1905092592592593,0.0,0.0,0.0,2,-0.6893000000000002,0,1,0,0,0,0,3.3916
*NC(=S)OC(*)=S,119.17,118.162,118.949955652,6.568914100752346,0.3010310363079829,0.2155931089239486,-0.22,35.16385256652164,5.733667477162185,0.0,0.0,4.736862953800049,0.0,0.0,21.26,0.0,29.17260983989344,5.102962962962963,0.0,0.0,0.0,1,0.176,0,2,0,0,0,0,2.4316
*NOc1ccc(O*)cc1,123.11099999999998,118.07099999999996,123.0320284,8.104448006685086,0.9415835033000842,0.5076853460729182,-1.2199999999999998,0.0,5.896975471277056,0.0,0.0,0.0,0.0,0.0,30.49,0.0,9.94411597857734,0.1202815570672712,7.677870370370371,0.0,0.0,1,0.8774,0,0,0,0,0,0,4.5587
*NOC(=O)O*,75.02300000000001,74.015,74.995642892,5.698670612749268,0.0833333333333333,0.0,-0.77,6.155365629538759,5.896975471277056,0.0,0.0,9.94411597857734,0.0,0.0,47.56,0.0,0.0,-0.3247685185185185,0.0,0.0,0.0,1,-0.4271999999999999,1,0,0,0,0,0,5.0089
*NOC(=S)O*,91.091,90.083,90.972799272,5.698670612749268,0.1666666666666666,0.0,-0.35,17.45456144497214,5.896975471277056,0.0,0.0,9.94411597857734,0.0,0.0,30.49,5.236688001925443,5.106527394840706,0.0168981481481481,0.0,0.0,0.0,1,-0.2623,0,1,0,0,0,0,3.7133
*NC(=S)Nc1ccc(NC(=S)Nc2ccc(Oc3ccc(*)cc3)cc2)cc1,392.5090000000001,376.3810000000002,392.076553132,20.63961743368831,3.742360354414744,2.597018329822844,-3.159999999999999,57.78914654805521,5.733667477162185,0.0,0.0,0.0,0.0,0.0,57.35,0.0,29.17260983989344,6.146710171082104,25.276699780617776,0.0,0.0,4,4.213100000000002,0,2,0,0,0,0,2.9952
*NC(=S)Nc1ccc(NC(=S)Nc2ccc(Cc3ccc(*)cc3)cc2)cc1,390.53700000000015,372.3930000000002,390.097288576,20.63961743368831,4.114145378298213,2.895876820545531,-2.959999999999998,57.78914654805521,5.733667477162185,0.0,6.4208216229260096,6.4208216229260096,0.0,0.0,48.12,0.0,24.43574688609339,0.3385213603648925,26.81864652074633,0.0,0.0476190476190476,4,4.011600000000002,0,2,0,0,0,0,3.6012
*CCCCCCCNC(=S)Nc1ccc(NC(=S)N*)cc1,322.50300000000004,300.327,322.128588704,16.916002794556718,3.211432925793526,2.138291208351337,-1.4,46.03539320491004,11.050456081168516,0.0,39.02784531432067,0.0,6.923737199690624,0.0,48.12,0.0,24.43574688609339,0.7070143844279054,7.982799238369085,0.0,0.4666666666666667,4,3.641800000000001,0,2,0,0,0,0,3.5538
*NC(=S)Nc1ccc(Cc2ccc(*)cc2)cc1,240.331,228.235,240.072119384,13.664925939000156,2.509383846395751,1.729841328480527,-1.87,29.084063670916624,5.733667477162185,0.0,6.4208216229260096,6.4208216229260096,0.0,0.0,24.06,0.0,12.217873443046695,0.4375128824783336,19.084820964050827,0.0,0.0714285714285714,2,2.2027,0,1,0,0,0,0,3.7898
*CCOCCOC(=O)Nc1ccc(C)c(NC(=O)O*)c1,280.28000000000003,264.152,280.105921612,16.372032720186702,2.325866465560226,1.393672440853,-2.28,23.56125269124396,0.0,0.0,13.847474399381248,14.580253302440804,6.923737199690624,0.0,85.89,6.606881964512918,14.580253302440804,10.211352878439367,5.197381127420359,0.0,0.3846153846153846,2,2.54052,2,0,0,0,0,0,4.5558
*C(=O)NC(=O)c1ccc(*)cc1,147.13299999999998,142.09299999999996,147.0320284,9.844934982691242,1.1449842829042145,0.6567868843876585,-1.6399999999999997,18.38364210392924,5.316788604006331,0.0,0.0,0.0,0.0,0.0,46.17,12.317275035467627,0.0,-0.2117479213907782,8.825021730914589,0.0,0.0,1,0.2603000000000001,2,0,0,0,0,0,3.4047
*NC(=O)OC(*)=O,87.03399999999999,86.026,86.995642892,6.568914100752346,0.1343643696413162,0.0378436787693276,-1.06,12.56546093565488,5.733667477162185,0.0,0.0,4.736862953800049,0.0,0.0,55.4,6.472220864716464,0.0,3.557592592592592,0.0,0.0,0.0,1,-0.1537999999999999,2,0,0,0,0,0,4.9145
*OC(=O)C(=S)C(*)=O,116.09699999999998,116.09699999999998,115.95681486,7.439157588755425,0.5280931089239487,0.0416666666666666,-0.77,29.337906572879728,0.0,0.0,0.0,14.69560176298435,0.0,0.0,43.370000000000005,11.15072784188118,0.0,-0.8714814814814815,0.0,0.0,0.0,0,-0.5603,2,1,0,0,0,0,1.4341
*OCCC(=O)CC(=O)Oc1ccc(*)cc1,206.197,196.117,206.0579088,12.673362107437434,1.6417433816021778,0.9703856475976276,-1.6799999999999993,17.8189173027784,0.0,0.0,12.84164324585202,14.69560176298435,0.0,0.0,52.60000000000001,12.204066569290948,9.843390348640757,5.128086034753152,8.812667617909321,0.0,0.2727272727272727,0,0.5968000000000001,2,0,0,0,1,0,3.7901
*CCOC(=S)NC(=S)c1ccc(N*)cc1,238.337,228.257,238.02345494,12.673362107437434,2.1535159430676174,1.3940316304699212,-1.2000000000000002,40.286197705840245,5.316788604006331,0.0,6.923737199690624,4.736862953800049,6.923737199690624,0.0,33.29,0.0,29.17260983989344,5.896874304180401,8.033147203325775,0.0,0.2,2,2.0969999999999995,0,2,0,0,0,0,2.4106
*CNCCCOCO*,117.148,106.05999999999996,117.078978592,7.656854249492381,0.7255618585214199,0.3581564213635478,-0.12,0.0,5.316788604006331,0.0,6.4208216229260096,9.843390348640757,0.0,0.0,30.49,0.0,9.843390348640757,5.793036659108088,0.0,1.2943672839506173,1.0,1,-0.0721,0,0,0,0,0,0,6.3311
*CNCNC(=O)NC(=O)N*,144.134,136.07,144.064725496,9.397341225498538,0.6010075515613058,0.2900871091139863,-1.3,12.062229024676144,21.68403328918118,0.0,0.0,0.0,0.0,0.0,82.25999999999999,0.0,0.0,0.1498558358528595,-0.8478023431594859,1.0264867567397329,0.5,4,-1.4865999999999993,2,0,0,0,0,0,5.4
*CNC(=O)NCOCO*,132.119,124.05499999999998,132.053492116,8.52709773749546,0.5786784521920456,0.2207448773484406,-0.81,6.031114512338072,10.633577208012662,0.0,0.0,9.843390348640757,0.0,0.0,59.59,12.761931259837556,9.843390348640757,5.116163076341648,-0.149866780045351,0.8695987654320988,0.75,2,-0.7951000000000001,1,0,0,0,0,0,6.6011
*CNC(=O)ONC(=O)NO*,147.09,142.05,147.02800564,9.397341225498538,0.473461712529338,0.1496154281323345,-1.5,12.124354583276489,16.276981800248734,0.0,0.0,10.044841608513924,0.0,0.0,88.69000000000001,0.0,0.0,-0.2164006991685559,-0.6775056689342402,0.6853716301335349,0.3333333333333333,3,-1.1705,2,0,0,0,0,0,5.9707
*COCOCCCO*,118.132,108.052,118.06299418,7.656854249492381,0.5996793685588859,0.2788387679126026,-0.12,0.0,0.0,0.0,6.4208216229260096,14.580253302440804,0.0,0.0,27.69,0.0,14.580253302440804,10.76557563303099,0.0,0.9749228395061728,1.0,0,0.3549,0,0,0,0,0,0,7.1737
*CNCCNC(=O)OC*,130.14699999999996,120.06699999999998,130.07422756,8.52709773749546,0.7022086113416255,0.303981456572267,-0.77,6.093240070938415,10.633577208012662,0.0,0.0,4.736862953800049,0.0,0.0,50.36,6.093240070938415,4.736862953800049,5.435668068153187,0.0,1.869478143109096,0.8,2,-0.6841999999999997,1,0,0,0,0,0,6.3647
*C(=O)c1ccc(NC(=S)Oc2ccc(Nc3ccc(*)s3)s2)s1,364.4980000000001,356.434,363.9468614960001,17.10408352775558,5.097944183400143,3.960602906049136,-1.739999999999999,78.07226274383507,0.0,0.0,0.0,0.0,0.0,0.0,50.36,5.1745624433251,16.954736396846744,5.628597213498424,11.895101237009364,0.0,0.0,2,4.254600000000001,1,1,0,0,0,0,2.3992
*NOC(=O)NCC(=O)NC(*)=O,159.101,154.06099999999998,159.02800564,10.267584713501616,0.6764311694816803,0.2896436401034098,-1.63,18.41051510640604,16.530552679289716,0.0,0.0,9.632125767808455,0.0,0.0,96.53,12.954851712028695,0.0,-0.7156265222138238,0.0,0.0,0.25,3,-1.533,3,0,0,0,0,0,4.9352
*NCCCNC(=O)NC(*)=O,143.146,134.07399999999998,143.069476528,9.397341225498538,0.803672594506261,0.3808507569161036,-1.1,12.441209818454194,16.367244685174846,0.0,6.4208216229260096,0.0,0.0,0.0,70.22999999999999,12.441209818454194,0.0,-0.1145862727807172,-0.3489408541194254,0.0,0.6,3,-0.6011,2,0,0,0,0,0,6.0227
*Nc1ccc(NC(=O)NC(=O)NC(*)=O)s1,226.217,220.169,226.016061052,12.836498814253964,2.0484049730176004,1.3817371172648207,-2.09,39.811274162102734,10.633577208012662,0.0,0.0,0.0,0.0,0.0,99.32999999999998,6.410095306116121,0.0,-0.508550626211611,2.1674716553287983,0.0,0.0,4,1.1246999999999998,3,0,0,0,0,0,3.2632
*NCNC(=O)OC(=O)NC(*)=O,159.10099999999997,154.06099999999998,159.02800564,10.267584713501616,0.5712144298189726,0.2596278905503654,-1.63,18.59657544799295,16.367244685174846,0.0,0.0,4.736862953800049,0.0,0.0,96.53,6.410095306116121,0.0,3.604454732510289,0.0,0.0,0.25,3,-0.8971000000000002,3,0,0,0,0,0,5.4649
*OCCCCONC(*)=O,131.131,122.05899999999998,131.058243148,8.52709773749546,0.7545726575261484,0.3567867477380571,-0.6100000000000001,6.410095306116121,5.480096598121202,0.0,12.84164324585202,9.94411597857734,0.0,0.0,47.56,6.410095306116121,9.94411597857734,-0.1274024733350129,0.0,0.0,0.8,1,0.438,1,0,0,0,0,0,5.6793
*Oc1ccc(C(=O)c2ccc(C(=O)NOC(*)=O)s2)cc1,289.268,282.212,289.00449332400007,16.11251969619286,3.4382631939735977,2.3020003971687086,-2.6699999999999995,29.49943141836765,5.480096598121202,0.0,0.0,4.8375885837366335,0.0,0.0,81.70000000000002,12.255465811081404,5.106527394840706,-0.7843034194672136,10.033349989406538,0.0,0.0,1,2.1529,3,0,0,0,0,0,2.9014
*c1ccc(C(F)(F)c2ccc(C(*)(F)F)s2)s1,264.268,260.236,263.969055008,13.55204176387779,3.871765050881493,2.665866901706493,-0.8800000000000003,28.05363452633539,0.0,0.0,12.347973912953767,12.347973912953767,0.0,0.0,0.0,14.631441581103898,0.0,53.23076617220963,5.410722119866465,0.0,0.2,0,3.722900000000001,0,0,0,4,0,0,3.3708
*C(=S)C(F)(F)c1ccc(C(*)(F)F)s1,226.219,224.203,225.953404944,11.853371151128522,2.6089258654670404,1.5985116975616132,-0.4900000000000002,28.922142216497672,0.0,0.0,12.347973912953767,12.347973912953767,0.0,0.0,0.0,15.121777282918838,0.0,50.63562925170068,2.169675925925926,0.0,0.2857142857142857,0,3.3152,0,1,0,4,0,0,2.1503
*OC(F)(F)c1ccc(C(*)(F)F)s1,198.14,196.124,197.976248564,10.983127663125444,2.1830414041261816,1.3009308196566425,-0.6200000000000001,11.336785877934735,0.0,0.0,12.534034254540677,17.640561649381382,0.0,0.0,9.23,4.877147193701299,0.0,49.31852324263039,2.094722222222222,0.0,0.3333333333333333,0,2.8769,0,0,0,4,0,0,3.9843
*c1ccc(C(F)(F)c2ccc(C(*)(F)F)cc2)s1,258.239,252.191,258.012634072,14.259148545064338,3.1130608465106806,2.0029477346403373,-1.36,16.716848648400653,0.0,0.0,12.347973912953767,12.347973912953767,0.0,0.0,0.0,16.00405017709529,0.0,53.398677143696986,7.655381511400856,0.0,0.1666666666666666,0,3.661400000000001,0,0,0,4,0,0,3.9825
*c1ccc(C(F)(F)c2ccc(C(*)(F)F)cc2)cc1,252.21,244.146,252.056213136,14.966255326250886,2.546462497555625,1.568420208024534,-1.84,6.06636706846161,0.0,0.0,12.347973912953767,12.347973912953767,0.0,0.0,0.0,16.690354475090988,0.0,53.746102461952034,11.845816919322058,0.0,0.1428571428571428,0,3.5999000000000025,0,0,0,4,0,0,4.1742
*C(=S)C(F)(F)c1ccc(C(*)(F)F)cc1,220.19,216.158,219.996984008,12.56047793231507,1.8502216610962288,0.9823142114771084,-0.9700000000000002,17.585356338562935,0.0,0.0,12.347973912953767,12.347973912953767,0.0,0.0,0.0,16.49438587891023,0.0,50.89951778628118,4.2652777777777775,0.0,0.2222222222222222,0,3.253700000000001,0,1,0,4,0,0,2.4957
*OC(F)(F)c1ccc(C(*)(F)F)cc1,192.111,188.07899999999995,192.019827628,11.690234444311992,1.439187090129494,0.7902455645911155,-1.1,0.0,0.0,0.0,12.534034254540677,17.640561649381382,0.0,0.0,9.23,11.126902983393991,0.0,49.62839510109599,4.1153703703703695,0.0,0.25,0,2.815400000000001,0,0,0,4,0,0,4.4042
*C(=S)c1ccc(C(F)(F)C(*)(F)F)s1,226.219,224.203,225.953404944,11.85337115112852,2.6729387179449065,1.6037458162533873,-0.4900000000000002,28.922142216497672,0.0,0.0,12.347973912953767,5.922529168094576,0.0,0.0,0.0,0.0,12.217873443046695,50.000555555555565,2.498842592592593,0.0,0.2857142857142857,0,3.2068000000000003,0,1,0,4,0,0,2.1029
*Oc1ccc(C(F)(F)C(*)(F)F)s1,198.14,196.124,197.976248564,10.983127663125442,2.077776962134965,1.276271649381154,-0.7800000000000002,11.336785877934735,0.0,0.0,12.347973912953767,5.922529168094576,0.0,0.0,9.23,0.0,5.106527394840706,49.35380102040816,2.3513888888888888,0.0,0.3333333333333333,0,2.8251,0,0,0,4,0,0,4.0762
*c1ccc(-c2ccc(C(F)(F)C(*)(F)F)cc2)s1,258.2389999999999,252.191,258.012634072,14.259148545064338,3.086585412010292,2.002374611281984,-1.36,16.716848648400653,0.0,0.0,12.347973912953767,5.922529168094576,0.0,10.440598685398296,0.0,0.0,0.0,51.38992814100949,9.22787501574704,0.0,0.1666666666666666,0,3.8236000000000017,0,0,0,4,0,0,4.0895
*c1ccc(-c2ccc(C(F)(F)C(*)(F)F)cc2)cc1,252.20999999999995,244.146,252.056213136,14.966255326250886,2.536370744229017,1.560453017262796,-1.84,6.06636706846161,0.0,0.0,12.347973912953767,5.922529168094576,0.0,11.126902983393991,0.0,0.0,0.0,51.55579843910832,14.418080110092196,0.0,0.1428571428571428,0,3.762100000000002,0,0,0,4,0,0,3.2719
*C(=S)c1ccc(C(F)(F)C(*)(F)F)cc1,220.19,216.158,219.996984008,12.560477932315068,1.8383572886958737,0.9927824488606568,-0.9700000000000002,17.585356338562935,0.0,0.0,12.347973912953767,5.922529168094576,0.0,0.0,0.0,0.0,12.217873443046695,50.25092084750567,4.923611111111112,0.0,0.2222222222222222,0,3.1453000000000007,0,1,0,4,0,0,2.3476
*Oc1ccc(C(F)(F)C(*)(F)F)cc1,192.111,188.079,192.019827628,11.69023444431199,1.4542199949238876,0.7733663520393692,-1.2600000000000002,0.0,0.0,0.0,12.347973912953767,5.922529168094576,0.0,0.0,9.23,0.0,5.106527394840706,49.718625637755096,4.628703703703704,0.0,0.25,0,2.763600000000001,0,0,0,4,0,0,4.7894
*c1ccc(CC(F)(F)C(*)(F)F)s1,196.168,192.136,195.996984008,10.983127663125442,1.9965676515143,1.3283292836678258,-0.5800000000000003,16.716848648400653,0.0,0.0,18.76879553587978,6.4208216229260096,0.0,0.0,0.0,0.0,0.0,49.40340608465608,3.322524092970521,0.0,0.4285714285714285,0,2.2426000000000004,0,0,0,4,0,0,4.5178
*c1ccc(CC(F)(F)C(*)(F)F)cc1,190.139,184.091,190.040563072,11.69023444431199,1.4898999841717508,0.8624441942926662,-1.0600000000000005,6.06636706846161,0.0,0.0,18.76879553587978,6.4208216229260096,0.0,0.0,0.0,0.0,0.0,49.72639136904762,7.7443074452003025,0.0,0.3333333333333333,0,2.1811,0,0,0,4,0,0,5.11
*C(=O)CC(F)(F)C(*)(F)F,142.05100000000002,140.035,142.004177564,9.284457050376172,0.5706755160665888,0.1574541748614558,-0.6100000000000001,6.286160523129555,0.0,0.0,18.76879553587978,4.794537184071822,0.0,0.0,17.07,0.0,0.0,46.21145833333334,0.0,0.0,0.75,0,1.2298000000000002,1,0,0,4,0,0,5.0395
*C(=S)CC(F)(F)C(*)(F)F,158.119,156.10299999999998,157.981333944,9.284457050376172,0.7150130833639952,0.3387319036281551,-0.19,17.585356338562935,0.0,0.0,18.76879553587978,0.0,0.0,0.0,0.0,5.36748289551624,0.0,47.126273148148144,0.0,0.0,0.75,0,2.0306,0,1,0,4,0,0,2.143
*NCC(F)(F)C(*)(F)F,129.056,126.032,129.020161976,8.414213562373096,0.4985067324178855,0.066815310478106,-0.32,0.0,5.733667477162185,0.0,12.347973912953767,0.0,0.0,0.0,12.03,0.0,0.0,46.49673611111111,0.0,0.0,1.0,1,0.8177,0,0,0,4,0,0,7.8675
*OCC(F)(F)C(*)(F)F,130.04,128.024,130.004177564,8.414213562373096,0.4577654925800544,0.0545544725589981,-0.32,0.0,0.0,0.0,12.347973912953767,5.106527394840706,0.0,0.0,9.23,0.0,0.0,46.00173611111112,0.0,0.0,1.0,0,1.2447,0,0,0,4,0,0,8.8494
*c1ccc(C(=O)C(F)(F)C(*)(F)F)s1,210.151,208.135,209.976248564,11.85337115112852,2.0132710049700684,1.223833617329013,-0.9100000000000004,22.50009359476559,0.0,0.0,12.347973912953767,0.0,0.0,0.0,17.07,4.877147193701299,0.0,49.12678571428572,2.781088907785336,0.0,0.2857142857142857,0,1.8828,1,0,0,4,1,0,3.0077
*c1ccc(C(=O)C(F)(F)C(*)(F)F)cc1,204.122,200.09,204.019827628,12.560477932315068,1.502944300939034,0.8053683746350062,-1.39,11.84961201482655,0.0,0.0,12.347973912953767,0.0,0.0,0.0,17.07,5.563451491696996,0.0,49.49602572278911,6.506622260015117,0.0,0.2222222222222222,0,1.8213,1,0,0,4,1,0,3.5762
*C(=S)C(=O)C(F)(F)C(*)(F)F,172.10199999999998,172.10199999999998,171.9605985,10.154700538379252,0.8006151995747338,0.2780954635502196,-0.52,23.36860128492788,0.0,0.0,12.347973912953767,4.794537184071822,0.0,0.0,17.07,0.0,0.0,46.6294675925926,0.0,0.0,0.5,0,1.2096,1,1,0,4,1,0,1.5715
*OC(=S)C(F)(F)C(*)(F)F,160.09099999999998,160.09099999999998,159.9605985,9.284457050376172,0.750079106265565,0.1543033499620918,-0.39,17.26850110338523,0.0,0.0,12.347973912953767,5.106527394840706,0.0,0.0,9.23,0.0,0.0,46.52993055555556,0.0,0.0,0.6666666666666666,0,1.5720999999999998,0,1,0,4,0,0,3.1746
*c1ccc(NC(F)(F)C(*)(F)F)s1,197.156,194.132,196.992232976,10.983127663125442,1.7011627285821609,1.0887370889665011,-0.7800000000000002,21.71793062508852,0.0,0.0,12.471908695940332,0.0,0.0,0.0,12.03,5.001081976687867,0.0,48.95368386243386,-0.9301610922146636,0.0,0.3333333333333333,1,2.0695,0,0,0,4,0,0,3.3898
*c1ccc(NC(F)(F)C(*)(F)F)cc1,191.127,186.087,191.03581204,11.69023444431199,1.256910459452247,0.6987511554005061,-1.2600000000000002,11.753753343145172,0.0,0.0,12.471908695940332,0.0,0.0,0.0,12.03,5.687386274683562,0.0,49.28889136904762,3.240844671201815,0.0,0.25,1,2.008,0,0,0,4,0,0,4.1626
*C(=O)NC(F)(F)C(*)(F)F,143.03900000000002,142.031,142.999426532,9.284457050376172,0.4453704156697393,0.1113369147706678,-0.8100000000000003,6.410095306116121,5.316788604006331,0.0,12.471908695940332,0.0,0.0,0.0,29.1,0.0,0.0,45.690625,-4.299768518518518,0.0,0.6666666666666666,1,0.9802,1,0,0,4,0,0,5.4991
*C(=S)NC(F)(F)C(*)(F)F,159.107,158.099,158.976582912,9.284457050376172,0.547432488285705,0.2395196260596966,-0.39,17.7092911215495,5.316788604006331,0.0,12.471908695940332,0.0,0.0,0.0,12.03,5.491417678502805,0.0,46.605439814814815,-4.091435185185185,0.0,0.6666666666666666,1,1.1451000000000002,0,1,0,4,0,0,2.8927
*NOC(F)(F)C(*)(F)F,131.02800000000002,130.02,130.999426532,8.414213562373096,0.3481915291272176,0.0385758374905229,-0.36,0.0,5.896975471277056,0.0,12.534034254540677,4.8375885837366335,0.0,0.0,21.26,0.0,0.0,45.45506944444445,0.0,0.0,1.0,1,0.7068,0,0,0,4,0,0,6.3342
*c1ccc(C(F)(F)CC(*)(F)F)s1,196.168,192.136,195.996984008,10.983127663125442,2.096343439831705,1.3133804859875524,-0.5800000000000003,16.716848648400653,0.0,0.0,18.76879553587978,5.922529168094576,0.0,0.0,0.0,4.877147193701299,0.0,50.17847552910054,2.9236352040816325,0.0,0.4285714285714285,0,2.5467000000000004,0,0,0,4,0,0,3.8644
*c1ccc(C(F)(F)CC(*)(F)F)cc1,190.139,184.091,190.040563072,11.69023444431199,1.4962251378217513,0.9006264595911134,-1.0600000000000005,6.06636706846161,0.0,0.0,18.76879553587978,5.922529168094576,0.0,0.0,0.0,5.563451491696996,0.0,50.57794796390779,6.856236772486772,0.0,0.3333333333333333,0,2.4852000000000007,0,0,0,4,0,0,4.3368
*C(=O)C(F)(F)CC(*)(F)F,142.05100000000002,140.035,142.004177564,9.284457050376174,0.504970048190492,0.2039149567576788,-0.6100000000000001,6.286160523129555,0.0,0.0,18.76879553587978,4.794537184071822,0.0,0.0,17.07,0.0,0.0,46.19164351851852,0.0,0.0,0.75,0,1.2298000000000002,1,0,0,4,0,0,4.9978
*C(=S)C(F)(F)CC(*)(F)F,158.119,156.10299999999998,157.981333944,9.284457050376174,0.8036109654499902,0.2760837404063819,-0.19,17.585356338562935,0.0,0.0,18.76879553587978,0.0,0.0,0.0,0.0,0.0,0.0,47.256458333333335,0.0,0.0,0.75,0,2.0306,0,1,0,4,0,0,2.4856
*NC(F)(F)CC(*)(F)F,129.056,126.032,129.020161976,8.414213562373096,0.3556495895607427,0.1678305649333271,-0.32,0.0,5.733667477162185,0.0,18.89273031886634,0.0,0.0,0.0,12.03,0.0,0.0,46.350902777777776,-3.3003472222222223,0.0,1.0,1,1.1653,0,0,0,4,0,0,8.287
*OC(F)(F)CC(*)(F)F,130.04,128.024,130.004177564,8.414213562373096,0.3394300255611275,0.1555697270142191,-0.32,0.0,0.0,0.0,18.954855877466684,5.106527394840706,0.0,0.0,9.23,0.0,0.0,45.75868055555556,0.0,0.0,1.0,0,1.5923,0,0,0,4,0,0,10.0451
*C(=O)C(F)(F)C(=O)C(*)(F)F,156.034,156.034,155.98344212,10.154700538379252,0.5849993340637172,0.1650229820420496,-0.9400000000000002,12.069405469494496,0.0,0.0,12.347973912953767,9.589074368143644,0.0,0.0,34.14,0.0,0.0,45.723634259259256,0.0,0.0,0.5,0,0.4088,2,0,0,4,1,0,3.1408
*OC(F)(F)C(=O)C(*)(F)F,144.023,144.023,143.98344212,9.284457050376174,0.435983289441355,0.1100044089190943,-0.6500000000000001,5.783244946364939,0.0,0.0,12.534034254540677,9.901064578912528,0.0,0.0,26.3,0.0,0.0,45.290671296296296,0.0,0.0,0.6666666666666666,0,0.7713,1,0,0,4,1,0,5.2263
*OC(F)(F)C(=S)C(*)(F)F,160.09099999999998,160.09099999999998,159.9605985,9.284457050376174,0.827923322698872,0.1100044089190943,-0.23,17.08244076179832,0.0,0.0,12.534034254540677,5.106527394840706,0.0,0.0,9.23,0.0,0.0,46.46567129629629,0.0,0.0,0.6666666666666666,0,1.5720999999999998,0,1,0,4,0,0,2.4298
*c1ccc(C(F)(F)NC(*)(F)F)s1,197.156,194.132,196.992232976,10.983127663125442,1.898869555786152,1.1686052666709457,-0.6200000000000003,16.716848648400653,5.316788604006331,0.0,12.595843478926898,6.046463951081142,0.0,0.0,12.03,4.877147193701299,0.0,49.5951421957672,-0.7597212773998483,0.0,0.3333333333333333,1,1.6612,0,0,0,4,0,0,3.6543
*c1ccc(C(F)(F)NC(*)(F)F)cc1,191.127,186.087,191.03581204,11.69023444431199,1.332271206831097,0.7870589393808239,-1.1000000000000003,6.06636706846161,5.316788604006331,0.0,12.595843478926898,6.046463951081142,0.0,0.0,12.03,0.0,0.0,50.00198424508693,2.98352843915344,0.0,0.25,1,1.5997,0,0,0,4,0,0,4.2709
*C(=O)C(F)(F)NC(*)(F)F,143.03900000000002,142.031,142.999426532,9.284457050376174,0.3796649477936425,0.1441896487087162,-0.6500000000000001,6.286160523129555,5.316788604006331,0.0,12.595843478926898,4.794537184071822,0.0,0.0,29.1,0.0,0.0,45.57358796296296,-3.9809027777777777,0.0,0.6666666666666666,1,0.3443000000000001,1,0,0,4,0,0,5.0875
*C(=S)C(F)(F)NC(*)(F)F,159.107,158.099,158.976582912,9.284457050376174,0.6360303703717,0.1952206850166991,-0.23,17.585356338562935,5.316788604006331,0.0,12.595843478926898,0.0,0.0,0.0,12.03,0.0,0.0,46.638402777777785,-3.610532407407408,0.0,0.6666666666666666,1,1.1451,0,1,0,4,0,0,2.6094
*NC(F)(F)NC(*)(F)F,130.044,128.02800000000002,130.015410944,8.414213562373096,0.2514822365046136,0.1186741305547248,-0.36,0.0,11.050456081168516,0.0,12.719778261913463,0.0,0.0,0.0,24.06,0.0,0.0,45.73284722222223,0.0,0.0,1.0,2,0.2797999999999999,0,0,0,4,0,0,8.2637
*OC(F)(F)NC(*)(F)F,131.028,130.02,130.999426532,8.414213562373096,0.2400132728125965,0.1100044089190943,-0.36,0.0,5.316788604006331,0.0,12.78190382051381,5.106527394840706,0.0,0.0,21.26,0.0,0.0,45.14062500000001,0.0,0.0,1.0,1,0.7068,0,0,0,4,0,0,8.991
*C(C#N)C(*)(C#N)C#N,103.084,102.076,103.017047032,8.198670612749268,0.4497901334827668,0.1540994448735805,-1.53,0.0,0.0,0.0,12.338727669087405,0.0,12.338727669087405,0.0,71.37,6.4208216229260096,15.78567466421546,-0.5293981481481482,5.973564814814814,0.0,0.4,0,0.6029399999999999,0,0,3,0,0,0,5.8992
*CC(*)(C#N)C#N,78.074,76.058,78.021798064,6.621320343559643,0.2699172818834084,0.0249999999999999,-1.02,0.0,0.0,0.0,12.841643245852016,0.0,12.841643245852016,0.0,47.58,0.0,10.523783109476971,0.1833333333333333,4.180555555555555,0.0,0.5,0,0.7091599999999999,0,0,2,0,0,0,6.9314
*CC(C#N)(C#N)C(C#N)C(*)(C#N)C#N,181.158,178.134,181.038845096,12.819990956308912,1.5504934298006976,0.7293415209928781,-2.5500000000000003,0.0,0.0,11.332896515558172,12.841643245852016,0.0,12.841643245852016,0.0,118.95,0.0,26.30945777369244,-1.042438114134543,9.245324074074071,0.0,0.4444444444444444,0,0.8825,0,0,5,0,0,0,6.2447
*CC(C#N)(C#N)C(C#N)C(C#N)(C#N)C(C#N)C(*)(C#N)C#N,284.242,280.21000000000004,284.05589212800004,19.01866156905817,2.960278765819388,1.7527719205932322,-4.080000000000001,0.0,0.0,22.665793031116344,12.841643245852016,0.0,12.841643245852016,0.0,190.32,6.923737199690624,0.0,-1.7075322814310911,13.427497637944064,0.0,0.4285714285714285,0,1.05584,0,0,8,0,0,0,6.2667
*CC(C#N)(C#N)C(C#N)C(C#N)(C#N)C(C#N)C(C#N)(C#N)C(C#N)C(*)(C#N)C#N,387.32600000000014,382.2860000000002,387.07293916000015,25.217332181807446,4.370064101838079,2.765389277527172,-5.61,0.0,0.0,33.99868954667452,12.841643245852016,0.0,12.841643245852016,0.0,261.68999999999994,6.923737199690624,0.0,-2.125870842195924,17.06415241559587,0.0,0.4210526315789473,0,1.2291799999999995,0,0,11,0,0,0,5.9056
*CC(C#N)(C#N)CC(C#N)(C#N)C(C#N)C(*)(C#N)C#N,259.232,254.192,259.06064316,17.441311299868556,2.5591400579017645,1.490525028178569,-3.5700000000000007,0.0,0.0,16.747886984954953,19.262464868778025,0.0,12.841643245852016,0.0,166.52999999999997,0.0,0.0,-1.382019242882338,12.448304516250944,0.0,0.4615384615384615,0,1.30616,0,0,7,0,0,0,6.5308
*CC(C#N)(C#N)CC(C#N)(C#N)CC(C#N)(C#N)C(C#N)C(*)(C#N)C#N,337.3060000000001,330.25000000000006,337.0824412240001,22.0626316434282,3.590724613386865,2.251303954131941,-4.590000000000001,0.0,0.0,22.16287745435173,25.68328649170404,0.0,12.841643245852016,0.0,214.11,6.923737199690624,0.0,-1.61448565386133,15.56085081254724,0.0,0.4705882352941176,0,1.72982,0,0,9,0,0,0,6.4504
*C([2H])=C(*)[2H],28.050203556,24.022,28.028203556,5.154700538379252,0.0,0.0,-0.26,0.0,0.0,0.0,0.0,0.0,0.0,0.0,0.0,0.0,2.7415171123404405,13.925925925925926,0.0,0.0,0.0,0,0.5562,0,0,0,0,0,0,0.6605
