smiles,MinAbsEStateIndex,FpDensityMorgan1,FpDensityMorgan3,BalabanJ,Chi4n,HallKierAlpha,PEOE_VSA1,PEOE_VSA2,PEOE_VSA8,SMR_VSA10,SMR_VSA5,SMR_VSA6,SlogP_VSA1,SlogP_VSA3,SlogP_VSA5,EState_VSA1,EState_VSA9,VSA_EState1,FractionCSP3,HeavyAtomCount,NumAromaticCarbocycles,NumRotatableBonds,NumSaturatedRings,MolLogP,fr_Al_OH,fr_Al_OH_noTert,fr_C_S,fr_bicyclic,fr_oxazole,value
*CC(*)C,0.75,3.0,3.333333333333333,2.5395388613593908,0.0,0.0,0.0,0.0,0.0,0.0,20.268296022307258,0.0,0.0,0.0,6.923737199690624,0.0,0.0,1.525462962962963,1.0,3,0,1,0,1.3117,0,0,0,0,0,0.4343
*CC(*)F,0.0833333333333333,3.0,3.333333333333333,2.5395388613593908,0.0,-0.07,0.0,0.0,0.0,0.0,13.598328171965532,0.0,0.0,0.0,0.0,0.0,0.0,12.087962962962964,1.0,3,0,1,0,0.7988999999999999,0,0,0,0,0,0.874
*CC(*)(F)F,0.0277777777777776,2.25,2.5,3.168489872670569,0.0,-0.14,0.0,0.0,0.0,0.0,13.349181944549816,0.0,0.0,0.0,0.0,6.425444744859191,0.0,22.54861111111111,1.0,4,0,1,0,1.0961,0,0,0,0,0,1.1415
*C(F)C(*)(F)F,0.7638888888888888,2.0,2.2,3.541196965079901,0.0,-0.21,0.0,0.0,0.0,0.0,13.100035717134098,0.0,0.0,0.0,0.0,13.100035717134098,0.0,33.0625,1.0,5,0,1,0,0.9734,0,0,0,0,0,1.524
*CCC(F)(F)C(*)(F)F,0.1550694444444444,1.375,2.0,4.101783752547981,0.0944911182523067,-0.28,0.0,0.0,0.0,0.0,25.692532735570403,0.0,0.0,0.0,6.4208216229260096,18.76879553587978,0.0,46.99173611111111,1.0,8,0,3,0,2.1215,0,0,0,0,0,0.4489
*CO*,0.3194444444444444,3.5,4.0,1.9747448713915892,0.0,-0.04,0.0,0.0,0.0,0.0,0.0,7.109797541277533,0.0,5.106527394840706,0.0,0.0,5.106527394840706,0.9166666666666666,1.0,2,0,1,0,-0.0258999999999999,0,0,0,0,0,0.9897
*CCO*,0.2881944444444444,2.6666666666666665,3.6666666666666665,2.19060968716425,0.0,-0.04,0.0,0.0,0.0,0.0,6.923737199690624,6.606881964512918,0.0,5.106527394840706,0.0,0.0,5.106527394840706,0.9513888888888888,1.0,3,0,2,0,0.4349,0,0,0,0,0,0.3936
*CC(O*)C(F)(F)F,0.173912037037037,1.8571428571428568,2.4285714285714284,3.792907831779043,0.0,-0.25,0.0,0.0,0.0,0.0,19.2040021048824,0.0,0.0,5.106527394840706,0.0,12.280264905191778,0.0,34.30439814814815,1.0,7,0,2,0,1.3658,0,0,0,0,0,0.7546
*CCCO*,0.2681944444444444,2.25,3.5,2.3390923149762908,0.0,-0.04,0.0,0.0,0.0,0.0,13.344558822616634,6.606881964512918,0.0,5.106527394840706,6.4208216229260096,0.0,5.106527394840706,0.9563888888888888,1.0,4,0,3,0,0.825,0,0,0,0,0,0.5672
*Oc1ccc(Cc2ccc(*)cc2)cc1,0.0065856592101178,0.9285714285714286,2.071428571428572,2.1088517120273824,1.3822705646124973,-1.7599999999999998,0.0,0.0,0.0,6.06636706846161,6.4208216229260096,0.0,11.172894463302317,6.4208216229260096,11.126902983393991,0.0,5.106527394840706,0.3552665908726513,0.0769230769230769,14,2,3,0,2.2951000000000006,0,0,0,0,0,1.1795
*CCCCCOCO*,0.1051161344167296,1.375,3.125,2.6476048489438337,0.4398264056274472,-0.08,0.0,0.0,0.0,0.0,26.186202068468653,13.399824270612744,0.0,9.843390348640757,19.26246486877803,0.0,9.843390348640757,5.959772770219199,1.0,8,0,7,0,1.5793,0,0,0,0,0,0.5413
*CCOC(=O)NCCOCCOCCNC(=O)O*,0.3086281244358215,0.9444444444444444,2.111111111111111,3.130180123606886,0.9162277998576254,-1.54,0.0,0.0,0.0,12.18648014187683,6.923737199690624,46.123922634389736,10.633577208012662,19.31711625624085,0.0,0.0,14.210588861400147,15.320987853551191,0.8,18,0,11,0,-0.0960999999999998,0,0,0,0,0,0.573
*c1ccc(-c2nc3cc4nc(*)oc4cc3o2)cc1,0.0186794463219426,0.8888888888888888,2.555555555555556,1.912951970395641,1.887438177111061,-2.62,0.0,0.0,0.0,34.659448285769145,0.0,0.0,12.460006567252131,0.0,0.0,0.0,8.834301874106695,11.710149873208136,0.0,18,2,1,0,1.9852,0,0,0,2,2,3.0398
*CCCCCS*,0.6607681405895691,1.5,3.1666666666666665,2.53006045688352,0.2788387679126025,0.35,0.0,0.0,0.0,12.628789148012991,26.186202068468653,5.752853606746789,0.0,0.0,19.26246486877803,0.0,0.0,1.398066893424036,1.0,6,0,5,0,2.3218000000000005,0,0,0,0,0,0.5118
*Sc1ccc(*)cc1,0.4362962962962963,1.4285714285714286,2.7142857142857144,2.881555877646136,0.3716025825849637,-0.43,0.0,0.0,0.0,18.6951562164746,4.895483475517775,0.0,6.06636706846161,0.0,0.0,0.0,0.0,0.9303703703703704,0.0,7,1,1,0,1.4176,0,0,0,0,0,2.0372
*CCOC(=O)CCCCC(=O)O*,0.1085874643067099,1.25,2.5,3.2674643165825263,0.7246793685588859,-1.06,0.0,0.0,0.0,11.9386105759037,32.60702369139466,6.606881964512918,0.0,19.432464716784395,25.68328649170404,0.0,9.843390348640757,5.025250094221956,0.75,12,0,7,0,1.0651,0,0,0,0,0,1.0754
*CCOC(=O)CCCCCCC(=O)O*,0.0464300767240879,1.0714285714285714,2.2857142857142856,3.201364976875434,1.0782327591521597,-1.06,0.0,0.0,0.0,11.9386105759037,45.448666937246685,6.606881964512918,0.0,19.432464716784395,38.524929737556064,0.0,9.843390348640757,5.132032968159827,0.8,14,0,9,0,1.8453,0,0,0,0,0,0.8924
*CCOC(=O)c1ccc(C(=O)O*)cc1,0.2941312128361188,1.2142857142857142,2.2857142857142856,2.706325568943869,0.9184244307915448,-1.84,0.0,0.0,0.0,11.9386105759037,6.923737199690624,6.606881964512918,0.0,9.843390348640757,20.715977351537635,0.0,9.843390348640757,4.928380264499943,0.2,14,1,4,0,1.4321,0,0,0,0,0,2.2723
*CCCCOC(=O)c1ccc(C(=O)O*)cc1,0.3005896834680199,1.125,2.3125,2.511191897655054,1.0926552870562138,-1.84,0.0,0.0,0.0,11.9386105759037,19.765380445542643,6.606881964512918,0.0,9.843390348640757,33.55762059738965,0.0,9.843390348640757,5.221864097645087,0.3333333333333333,16,1,6,0,2.2123,0,0,0,0,0,2.4936
*CC(=O)O*,0.0648148148148151,2.75,3.5,2.9881608821342693,0.0,-0.53,0.0,0.0,0.0,5.969305287951849,6.923737199690624,0.0,0.0,9.901064578912528,0.0,0.0,0.0,0.1643518518518519,0.5,4,0,1,0,-0.0385,0,0,0,0,0,1.2063
*CCCCCC(=O)O*,0.0445776643990933,1.625,3.125,2.9617756061821483,0.4461142625940432,-0.53,0.0,0.0,0.0,5.969305287951849,32.60702369139466,0.0,0.0,9.901064578912528,25.68328649170404,0.0,5.106527394840706,0.4506580687830688,0.8333333333333334,8,0,5,0,1.5219,0,0,0,0,0,0.5062
*CCC(=O)O*,0.0509259259259262,2.4,3.4,3.002590528674132,0.0,-0.53,0.0,0.0,0.0,5.969305287951849,13.344558822616634,0.0,0.0,9.901064578912528,6.4208216229260096,0.0,0.0,0.3124537037037038,0.6666666666666666,5,0,2,0,0.3515999999999999,0,0,0,0,0,0.7562
*Oc1ccc(CC(*)=O)cc1,0.0172874149659865,1.6,2.8,2.709147824373649,0.6906381763138129,-1.31,0.0,0.0,0.0,6.286160523129555,6.4208216229260096,0.0,5.106527394840706,11.21535880699783,5.563451491696996,0.0,5.106527394840706,-0.1360664682539683,0.125,10,1,3,0,1.1481,0,0,0,0,0,1.5033
*Cc1ccc(C(=O)O*)cc1,0.1484315948601657,1.6,2.8,2.843524062030637,0.6408284278600322,-1.31,0.0,0.0,0.0,5.969305287951849,6.923737199690624,0.0,0.0,12.03026459453133,15.921440167465814,0.0,5.106527394840706,0.1582752267573695,0.125,10,1,2,0,1.357,0,0,0,0,0,2.2574
*CCC(=O)N*,0.1246759259259259,2.4,3.4,3.002590528674132,0.0,-0.53,0.0,0.0,0.0,5.907179729351506,13.344558822616634,0.0,5.733667477162185,4.794537184071822,6.4208216229260096,0.0,0.0,0.6024537037037038,0.6666666666666666,5,0,2,0,-0.0754,0,0,0,0,0,1.1904
*CCCCCCC(=O)N*,0.0865976158982111,1.4444444444444444,2.888888888888889,2.9549874302986416,0.6391105218902952,-0.53,0.0,0.0,0.0,5.907179729351506,39.02784531432067,0.0,5.733667477162185,4.794537184071822,32.10410811463005,0.0,0.0,0.7276898305618543,0.8571428571428571,9,0,6,0,1.485,0,0,0,0,0,0.6934
*CC(=O)N*,0.1446759259259259,2.75,3.5,2.9881608821342693,0.0,-0.53,0.0,0.0,0.0,5.907179729351506,6.923737199690624,0.0,5.733667477162185,4.794537184071822,0.0,0.0,0.0,0.4768518518518518,0.5,4,0,1,0,-0.4654999999999999,0,0,0,0,0,0.7672
*Nc1cccc(C(*)=O)c1,0.1685185185185185,1.7777777777777777,3.333333333333333,3.0058892189147386,0.5826874442850372,-1.31,0.0,0.0,0.0,11.973546797813118,0.0,5.733667477162185,5.733667477162185,0.0,10.357988675768818,0.0,0.0,0.0219954648526077,0.0,9,1,2,0,1.2523,0,0,0,0,0,2.356
*Cc1ccc(C(=O)N*)cc1,0.0227142384731671,1.6,2.8,2.843524062030637,0.6561203794493884,-1.31,0.0,0.0,0.0,5.907179729351506,6.923737199690624,0.0,5.733667477162185,6.923737199690624,15.921440167465814,0.0,0.0,0.4239002267573695,0.125,10,1,2,0,0.93,0,0,0,0,0,1.8315
*CCCCCOC(=O)Nc1ccc(C)c(NC(=O)O*)c1,0.4404991817841124,1.25,2.85,2.491395918965853,1.5420256880327947,-2.24,0.0,0.0,0.0,23.561252691243958,33.10993926815928,17.24045917252558,10.633577208012662,9.843390348640757,24.825916360475023,12.18648014187683,9.843390348640757,5.196792748719329,0.4285714285714285,20,1,7,0,3.6942200000000014,0,0,0,0,0,0.9199
*OC(=O)c1ccc(C(*)=O)cc1,0.2484174225245656,1.2727272727272727,2.272727272727273,2.9340419411151166,0.6743520127395849,-1.64,0.0,0.0,0.0,12.255465811081404,0.0,0.0,0.0,5.106527394840706,20.715977351537635,0.0,5.106527394840706,-0.6267363473167045,0.0,11,1,2,0,0.9972,0,0,0,0,0,3.2451
*Oc1ccc(OC(*)=O)cc1,0.0536649659863943,1.4,2.5,2.709147824373649,0.5557978685053869,-1.5100000000000002,0.0,0.0,0.0,6.472220864716464,0.0,0.0,9.843390348640757,0.0,0.0,0.0,9.843390348640757,4.551637613378686,0.0,10,1,2,0,1.5778,0,0,0,0,0,1.4499
*CCCN*,0.5181944444444444,2.25,3.5,2.3390923149762908,0.0,-0.04,0.0,0.0,0.0,0.0,13.344558822616634,6.544756405912575,5.733667477162185,0.0,6.4208216229260096,0.0,0.0,1.2463888888888888,1.0,4,0,3,0,0.3979999999999999,0,0,0,0,0,0.5296
*Oc1ccc(C(=O)c2ccc(*)cc2)cc1,0.0830498866213158,1.0,2.066666666666667,2.268204423334219,1.3112465469139043,-2.0899999999999994,0.0,0.0,0.0,11.84961201482655,0.0,0.0,11.172894463302317,0.0,15.921440167465814,0.0,5.106527394840706,0.1310366211069673,0.0,15,2,3,0,1.9353,0,0,0,0,0,2.4594
*c1ccc(*)cc1,0.4594444444444444,1.0,1.6666666666666667,3.0324555320336755,0.3035612008409865,-0.78,0.0,0.0,0.0,12.13273413692322,0.0,0.0,12.13273413692322,0.0,0.0,0.0,0.0,0.9188888888888888,0.0,6,1,0,0,0.0358,0,0,0,0,0,2.6013
*CCc1ccc(-c2ccc(*)cc2)cc1,0.3514969153154579,0.8571428571428571,2.0,2.238556210452561,1.443207044672815,-1.5599999999999996,0.0,0.0,0.0,6.06636706846161,13.344558822616634,0.0,6.06636706846161,6.4208216229260096,5.563451491696996,0.0,0.0,0.9194960287961732,0.1428571428571428,14,2,3,0,3.0383000000000013,0,0,0,0,0,1.482
*OC1C(CO)OC(*)C(O)C1O,0.149537037037037,1.5454545454545454,2.8181818181818183,2.686091484209442,0.9005320412859213,-0.2,0.0,0.0,0.0,0.0,31.02274751550613,6.606881964512918,0.0,9.843390348640757,0.0,24.41586555099321,14.94991774348146,4.869675925925927,1.0,11,0,2,1,-2.1758,3,3,0,0,0,0.8344
*Cc1ccc(CO*)cc1,0.1208042800453513,1.3333333333333333,2.555555555555556,2.664537066654608,0.6354885061014401,-0.8200000000000001,0.0,0.0,0.0,0.0,13.530619164203545,0.0,0.0,18.637146559044247,11.126902983393991,0.0,5.106527394840706,0.6489451058201058,0.25,9,1,3,0,1.7168,0,0,0,0,0,1.6106
*CCOCCOC(=O)O*,0.3243981481481484,1.5555555555555556,3.111111111111111,2.9549874302986416,0.2859876377148446,-0.77,0.0,0.0,0.0,6.155365629538759,6.923737199690624,19.820645893538757,0.0,14.580253302440804,0.0,6.155365629538759,4.736862953800049,9.896030092592593,0.8,9,0,5,0,0.5881000000000001,0,0,0,0,0,0.4954
*CCC(O*)(C(F)(F)F)C(F)(F)F,0.0190277777777778,1.0833333333333333,1.5833333333333333,5.208377949667092,0.4441876404712059,-0.46,0.0,0.0,0.0,0.0,31.298206668487268,0.0,0.0,5.106527394840706,6.4208216229260096,24.374469468796647,0.0,71.78979166666669,1.0,12,0,3,0,2.688400000000001,0,0,0,0,0,0.4911
*c1ccc(*)s1,0.5254629629629629,1.6,2.4,3.0420027674072885,0.170103454359943,-0.3,0.0,0.0,0.0,22.09691141886657,0.0,0.0,10.76012554093183,0.0,0.0,0.0,0.0,1.0509259259259258,0.0,5,0,0,0,0.0973,0,0,0,0,0,2.9681
*Oc1ccc(-c2ccc(C(*)=O)cc2)cc1,0.0459823680007664,1.0,2.0,2.2938665692343942,1.3781053446296785,-2.09,0.0,0.0,0.0,6.286160523129555,0.0,0.0,5.106527394840706,0.0,10.357988675768818,0.0,5.106527394840706,-0.2737829178197146,0.0,15,2,3,0,2.886200000000001,0,0,0,0,0,2.4015
*Nc1ccc(*)cc1,0.3274074074074073,1.4285714285714286,2.7142857142857144,2.881555877646136,0.3868945341743198,-0.98,0.0,0.0,0.0,11.753753343145172,0.0,5.733667477162185,11.800034545623795,0.0,0.0,0.0,0.0,0.7451851851851852,0.0,7,1,1,0,0.7373999999999998,0,0,0,0,0,0.9827
*c1cccc(*)n1,0.3558333333333333,1.5,2.5,3.077660437970554,0.2459822178898454,-0.8500000000000001,0.0,0.0,0.0,12.393687143226153,0.0,0.0,12.393687143226153,0.0,0.0,0.0,0.0,0.7116666666666667,0.0,6,0,0,0,-0.5692000000000002,0,0,0,0,0,2.2143
*CC(CC(CC(CC(*)c1ccccc1)c1ccccc1)c1ccccc1)c1ccccc1,0.2126672405009346,0.4375,1.21875,1.6247455096935708,4.602827312627496,-3.1199999999999983,0.0,0.0,0.0,0.0,50.36074182987885,0.0,0.0,0.0,65.6908105969762,0.0,0.0,0.5664924958268073,0.25,32,4,11,0,8.766300000000003,0,0,0,0,0,1.5606
*c1ccc(-c2ccc(*)s2)s1,0.4138567649281934,0.9,1.7,2.4326228277315267,0.7473244655265586,-0.6000000000000001,0.0,0.0,0.0,33.433697296801306,0.0,0.0,10.76012554093183,0.0,0.0,0.0,0.0,0.8277135298563869,0.0,10,0,1,0,1.8258,0,0,0,0,0,2.9681
*c1ccc2oc(-c3ccc4nc(*)oc4c3)nc2c1,0.0104492485061569,0.8888888888888888,2.888888888888889,1.903109728238475,1.8833259337683776,-2.62,0.0,0.0,0.0,34.65944828576914,0.0,0.0,12.460006567252131,0.0,0.0,0.0,8.834301874106695,11.681526760510344,0.0,18,2,1,0,1.9852,0,0,0,2,2,3.155
*Cc1ccc(C*)cc1,0.5672033257747544,1.0,1.625,2.7972512629697874,0.5392634612365024,-0.78,0.0,0.0,0.0,0.0,13.847474399381248,0.0,0.0,13.847474399381248,11.126902983393991,0.0,0.0,1.1344066515495088,0.25,8,1,2,0,1.7852,0,0,0,0,0,0.8499
*CCCOC(=O)CCCCCCCCOC(=O)CCCOC(=O)CCCCCCCCOC(*)=O,0.0140835170505437,0.4411764705882353,1.2647058823529411,3.355753816996534,3.261873696299648,-2.12,4.736862953800049,4.794537184071822,6.4208216229260096,24.38013672857201,116.07770478943284,26.427527858051672,0.0,33.33106336741566,109.1539675897422,0.0,18.9474518152002,20.69836316562232,0.8461538461538461,34,0,25,0,5.901200000000006,0,0,0,0,0,0.7602
*CC(CC(CC(*)c1ccccn1)c1ccccn1)c1ccccn1,0.1698494583018392,0.7083333333333334,1.75,1.815127381006223,2.796543146182726,-2.55,0.0,0.0,0.0,0.0,38.02201416079144,0.0,0.0,0.0,48.18006094564619,0.0,4.9839785209472085,0.5058502386262126,0.2857142857142857,24,0,8,0,4.7774000000000045,0,0,0,0,0,1.1922
*C(=S)c1ccc(-c2ccc(-c3ccc(*)s3)s2)s1,0.1593999210999571,0.8823529411764706,2.0588235294117645,1.9381423389123984,1.501559986422586,-0.8099999999999998,0.0,0.0,0.0,56.97577674283306,0.0,0.0,5.380062770465915,0.0,4.877147193701299,0.0,12.217873443046695,0.4995114474470534,0.0,17,0,3,0,4.604500000000002,0,0,1,0,0,3.9365
*Oc1ccc(-c2ccc(-c3ccc(*)s3)s2)s1,0.0026371159370797,0.8125,2.0625,1.933629767577347,1.4289712802687229,-1.1,0.0,0.0,0.0,39.39042040427013,0.0,0.0,10.48659016530662,0.0,0.0,0.0,5.106527394840706,0.34084141377702,0.0,16,0,3,0,4.222800000000001,0,0,0,0,0,2.4093
*C(=S)Oc1ccc(-c2ccc(*)s2)s1,0.0351355557655161,1.3076923076923077,2.769230769230769,2.2334160860502,0.9221553818056656,-0.71,0.0,0.0,0.0,45.825051206485234,0.0,0.0,10.116925724265965,0.0,0.0,0.0,16.954736396846744,5.879529819643906,0.0,13,0,2,0,2.8642000000000003,0,0,1,0,0,3.2944
*Oc1ccc(C(=S)c2ccc(*)s2)s1,0.0160917684975223,1.3076923076923077,2.6923076923076925,2.276791863299917,0.9268740757244934,-0.71,0.0,0.0,0.0,45.13607528813371,0.0,0.0,10.48659016530662,0.0,9.7542943874026,0.0,17.324400837887403,0.2957911050222559,0.0,13,0,3,0,2.5936000000000003,0,0,1,0,0,3.4574
*C(=S)OC(=S)c1ccc(*)s1,0.0006802721088434,1.7,3.0,2.716322890255734,0.4390807466387935,-0.32,0.0,0.0,0.0,51.75676643193572,0.0,0.0,5.380062770465915,4.736862953800049,4.877147193701299,0.0,29.17260983989344,5.561130952380953,0.0,10,0,1,0,1.4489999999999998,0,0,2,0,0,4.0075
*Oc1ccc(Oc2ccc(*)s2)s1,0.0125959257159653,1.0833333333333333,2.5,2.102852645102257,0.7402997175716448,-1.0,0.0,0.0,0.0,28.05363452633539,0.0,0.0,15.223453119106669,0.0,0.0,0.0,9.843390348640757,6.006509170026035,0.0,12,0,3,0,2.6196,0,0,0,0,0,1.3443
*OC(=S)Oc1ccc(*)s1,0.13359693877551,1.8888888888888888,3.333333333333333,2.5725016835725403,0.3651676439579454,-0.6100000000000001,0.0,0.0,0.0,34.17141009337279,0.0,0.0,10.116925724265965,5.106527394840706,0.0,0.0,22.06126379168745,5.38248866213152,0.0,9,0,1,0,1.0673,0,0,1,0,0,2.5249
*c1ccc(-c2ccc(-c3ccc(-c4ccc(*)s4)s3)s2)cc1,0.3131502453585231,0.5238095238095238,1.6666666666666667,1.6419110975860638,2.153017532964316,-1.6799999999999993,0.0,0.0,0.0,45.45678747273174,0.0,0.0,11.446429838927523,0.0,0.0,0.0,0.0,0.6426557212644042,0.0,21,1,3,0,5.221300000000002,0,0,0,0,0,2.752
*Oc1ccc(-c2ccc(-c3ccc(*)cc3)s2)s1,0.0116882331700152,0.8235294117647058,2.294117647058824,1.9221115935676476,1.6291912890652638,-1.5799999999999996,0.0,0.0,0.0,28.739938824331084,0.0,0.0,11.172894463302317,0.0,0.0,0.0,5.106527394840706,0.3080820583003123,0.0,17,1,3,0,4.1613000000000016,0,0,0,0,0,1.7103
*c1ccc(-c2ccc(-c3ccc(-c4ccc(*)s4)cc3)s2)cc1,0.3073743632689547,0.5,1.4545454545454546,1.6117237982135977,2.394484285922363,-2.1599999999999997,0.0,0.0,0.0,34.120001594797,0.0,0.0,11.446429838927523,0.0,0.0,0.0,0.0,0.6294132263691177,0.0,22,2,3,0,5.159800000000003,0,0,0,0,0,2.3385
*C(=S)c1ccc(-c2ccc(-c3ccc(*)cc3)s2)cc1,0.1355877828960647,0.8421052631578947,1.894736842105263,1.9045869153723525,1.90187572751756,-1.7699999999999996,0.0,0.0,0.0,34.98850928495928,0.0,0.0,6.06636706846161,0.0,5.563451491696996,0.0,12.217873443046695,0.4461178528921549,0.0,19,2,3,0,4.481500000000002,0,0,1,0,0,3.3503
*Oc1ccc(-c2ccc(-c3ccc(*)cc3)s2)cc1,0.0264492541409722,0.7777777777777778,1.8888888888888888,1.9054977594361533,1.8185423941842265,-2.06,0.0,0.0,0.0,17.403152946396347,0.0,0.0,11.172894463302317,0.0,0.0,0.0,5.106527394840706,0.286838131799247,0.0,18,2,3,0,4.099800000000002,0,0,0,0,0,1.8588
*c1ccc(-c2ccc(C(=S)c3ccc(*)s3)s2)cc1,0.293358063126281,0.8888888888888888,2.333333333333333,1.9004614026509123,1.650920328420087,-1.2899999999999996,0.0,0.0,0.0,51.20244235659532,0.0,0.0,11.446429838927523,0.0,9.7542943874026,0.0,12.217873443046695,0.6025379811653259,0.0,18,1,3,0,3.592100000000002,0,0,1,0,0,3.6267
*c1ccc(-c2ccc(Oc3ccc(*)s3)s2)cc1,0.2940988038670217,0.8235294117647058,2.3529411764705883,1.8091044533290097,1.4634867733439192,-1.5799999999999996,0.0,0.0,0.0,34.120001594797,0.0,0.0,16.183292792727574,0.0,0.0,0.0,4.736862953800049,6.521749868080586,0.0,17,1,3,0,3.618100000000002,0,0,0,0,0,2.1082
*C(=S)Oc1ccc(-c2ccc(*)cc2)s1,0.0217494960947343,1.2857142857142858,2.7857142857142856,2.241169311999731,1.1223753906022076,-1.1899999999999995,0.0,0.0,0.0,35.17456962654619,0.0,0.0,10.803230022261658,0.0,0.0,0.0,16.954736396846744,5.853161656114848,0.0,14,1,2,0,2.8027000000000006,0,0,1,0,0,2.8418
*Oc1ccc(-c2ccc(-c3ccc(*)cc3)cc2)s1,0.0201686261490345,0.7777777777777778,2.0,1.8875486952644676,1.8815828067120608,-2.059999999999999,0.0,0.0,0.0,17.403152946396347,0.0,0.0,11.172894463302317,0.0,0.0,0.0,5.106527394840706,0.2922753652708421,0.0,18,2,3,0,4.099800000000002,0,0,0,0,0,1.897
*c1ccc(-c2ccc(-c3ccc(-c4ccc(*)s4)cc3)cc2)cc1,0.3015399670104512,0.4782608695652174,1.3478260869565215,1.5827738736289825,2.657800568257908,-2.639999999999999,0.0,0.0,0.0,22.783215716862266,0.0,0.0,11.446429838927523,0.0,0.0,0.0,0.0,0.6185167962658006,0.0,23,3,3,0,5.098300000000004,0,0,0,0,0,2.2963
*C(=S)c1ccc(-c2ccc(-c3ccc(*)cc3)cc2)cc1,0.1285967667432033,0.65,1.4,1.872001422146861,2.165192009853105,-2.249999999999999,0.0,0.0,0.0,23.651723407024544,0.0,0.0,6.06636706846161,0.0,5.563451491696996,0.0,12.217873443046695,0.4329434467166176,0.0,20,3,3,0,4.420000000000004,0,0,1,0,0,3.0264
*Oc1ccc(-c2ccc(-c3ccc(*)cc3)cc2)cc1,0.0334402702938336,0.5789473684210527,1.368421052631579,1.8726978379111328,2.0818586765197717,-2.539999999999999,0.0,0.0,0.0,6.06636706846161,0.0,0.0,11.172894463302317,0.0,0.0,0.0,5.106527394840706,0.2734045200348339,0.0,19,3,3,0,4.038300000000002,0,0,0,0,0,1.6576
*OC(=S)c1ccc(-c2ccc(*)cc2)cc1,0.1171860717044699,1.0,2.066666666666667,2.28940133813224,1.378105344629678,-1.6699999999999997,0.0,0.0,0.0,23.33486817184684,0.0,0.0,6.06636706846161,5.106527394840706,5.563451491696996,0.0,17.324400837887403,0.1940766838313736,0.0,15,2,2,0,2.6846000000000005,0,0,1,0,0,2.7321
*C(=S)c1ccc(C(=S)c2ccc(*)cc2)s1,0.1325592088687327,1.0666666666666669,2.333333333333333,2.301131634516727,1.1952962518612913,-0.9000000000000001,0.0,0.0,0.0,52.0709500467576,0.0,0.0,6.06636706846161,0.0,15.317745879099594,0.0,24.43574688609339,0.4275307247299491,0.0,15,1,3,0,2.913800000000001,0,0,2,0,0,4.1807
*Oc1ccc(C(=S)c2ccc(*)cc2)s1,0.0294778281683041,1.2857142857142858,2.7142857142857144,2.2762854936030408,1.1227075457074285,-1.1899999999999995,0.0,0.0,0.0,34.48559370819467,0.0,0.0,11.172894463302317,0.0,10.440598685398296,0.0,17.324400837887403,0.2691989218526919,0.0,14,1,3,0,2.5321000000000007,0,0,1,0,0,3.2177
*C(=S)c1ccc(C(=S)c2ccc(*)cc2)cc1,0.1235546690362705,0.8125,1.75,2.284394871094497,1.3945798802472376,-1.38,0.0,0.0,0.0,40.73416416882287,0.0,0.0,6.06636706846161,0.0,16.690354475090988,0.0,24.43574688609339,0.4098171989946879,0.0,16,2,3,0,2.8523000000000005,0,0,2,0,0,2.9311
*Oc1ccc(C(=S)c2ccc(*)cc2)cc1,0.0384823680007664,1.0,2.066666666666667,2.268204423334219,1.3112465469139043,-1.6699999999999997,0.0,0.0,0.0,23.14880783025993,0.0,0.0,11.172894463302317,0.0,11.126902983393991,0.0,17.324400837887403,0.2511471653246542,0.0,15,2,3,0,2.4706,0,0,1,0,0,3.1315
*C(=S)OC(=S)c1ccc(*)cc1,0.0225292894935751,1.3636363636363635,2.5454545454545454,2.776706823371711,0.619746541530481,-0.8,0.0,0.0,0.0,41.10628485199668,0.0,0.0,6.06636706846161,4.736862953800049,5.563451491696996,0.0,29.17260983989344,5.54017342739565,0.0,11,1,1,0,1.3875,0,0,2,0,0,3.7508
*Oc1ccc(Oc2ccc(*)cc2)s1,0.0259819853867471,1.0769230769230769,2.5384615384615383,2.1084339600840583,0.9139195966830924,-1.4799999999999998,0.0,0.0,0.0,17.403152946396347,0.0,0.0,15.909757417102366,0.0,0.0,0.0,9.843390348640757,5.986098014823213,0.0,13,1,3,0,2.5581000000000005,0,0,0,0,0,1.2264
*c1ccc(OC(=S)c2ccc(*)s2)cc1,0.279064310909549,1.2142857142857142,2.642857142857143,2.1031673189661504,0.9479191197297542,-1.19,0.0,0.0,0.0,40.05171682024749,0.0,0.0,16.183292792727574,0.0,4.877147193701299,0.0,16.954736396846744,6.230232531284118,0.0,14,1,2,0,1.8518,0,0,1,0,0,3.1094
*OC(=S)Oc1ccc(*)cc1,0.1554459561602417,1.5,2.8,2.6449316670687724,0.5358690091938786,-1.09,0.0,0.0,0.0,23.52092851343375,0.0,0.0,10.803230022261658,5.106527394840706,0.0,0.0,22.06126379168745,5.35822869425548,0.0,10,1,1,0,1.0058,0,0,1,0,0,1.8722
*Cc1ccc(-c2ccc(-c3ccc(*)s3)s2)s1,0.3600074553339344,0.8125,2.0625,1.933629767577347,1.4867376184370635,-0.8999999999999997,0.0,0.0,0.0,39.39042040427013,6.923737199690624,0.0,5.380062770465915,6.923737199690624,4.877147193701299,0.0,0.0,0.8573703393968544,0.0769230769230769,16,0,3,0,4.429000000000001,0,0,0,0,0,2.0787
*Cc1ccc(-c2ccc(C(*)=S)s2)s1,0.1935649722852103,1.3076923076923077,2.6923076923076925,2.3233777830440703,1.035500080691875,-0.51,0.0,0.0,0.0,40.258928094432406,6.923737199690624,0.0,0.0,6.923737199690624,9.7542943874026,0.0,12.217873443046695,0.6963686276979927,0.1,13,0,3,0,3.750700000000001,0,0,1,0,0,3.2587
*Cc1ccc(-c2ccc(O*)s2)s1,0.0315279352481732,1.25,2.75,2.2919551642465743,0.962911374538012,-0.8,0.0,0.0,0.0,22.673571755869474,6.923737199690624,0.0,5.106527394840706,6.923737199690624,4.877147193701299,0.0,5.106527394840706,0.5383645124716552,0.1111111111111111,12,0,3,0,3.3690000000000007,0,0,0,0,0,1.7705
*Cc1ccc(-c2ccc(-c3ccc(*)s3)cc2)s1,0.3481976346298135,0.8235294117647058,2.0,1.8980389987950737,1.7282043713951123,-1.3799999999999997,0.0,0.0,0.0,28.05363452633539,6.923737199690624,0.0,5.380062770465915,6.923737199690624,4.877147193701299,0.0,0.0,0.8356660069394556,0.0666666666666666,17,1,3,0,4.367500000000002,0,0,0,0,0,1.9244
*Cc1ccc(-c2ccc(C(*)=S)cc2)s1,0.1716170372469975,1.2857142857142858,2.642857142857143,2.303615435117306,1.2355958129903084,-0.99,0.0,0.0,0.0,28.922142216497672,6.923737199690624,0.0,0.0,6.923737199690624,10.440598685398296,0.0,12.217873443046695,0.6637724312891159,0.0833333333333333,14,1,3,0,3.689200000000002,0,0,1,0,0,2.9754
*Cc1ccc(-c2ccc(O*)cc2)s1,0.0095800002099604,1.2307692307692308,2.6923076923076925,2.2828348805536858,1.152262479656975,-1.28,0.0,0.0,0.0,11.336785877934735,6.923737199690624,0.0,5.106527394840706,6.923737199690624,4.877147193701299,0.0,5.106527394840706,0.5054406284118583,0.0909090909090909,13,1,3,0,3.307500000000001,0,0,0,0,0,1.4385
*Cc1ccc(Cc2ccc(*)s2)s1,0.4173149722852103,1.0833333333333333,2.5,2.102852645102257,1.0547562351526183,-0.6000000000000001,0.0,0.0,0.0,28.05363452633539,13.344558822616634,0.0,5.380062770465915,13.344558822616634,14.631441581103898,0.0,0.0,0.9602746021248004,0.2,12,0,3,0,2.6243000000000007,0,0,0,0,0,1.174
*Cc1ccc(CC(*)=S)s1,0.3099811035525321,1.7777777777777777,3.111111111111111,2.6495075543905027,0.5884583603383539,-0.21,0.0,0.0,0.0,28.922142216497672,13.344558822616634,0.0,0.0,13.344558822616634,9.7542943874026,0.0,12.217873443046695,0.8604960317460317,0.2857142857142857,9,0,3,0,2.216600000000001,0,0,1,0,0,2.588
*Cc1ccc(C(=O)c2ccc(*)s2)s1,0.2324074074074074,1.3076923076923077,2.6923076923076925,2.276791863299917,0.9846404138928344,-0.9300000000000002,0.0,0.0,0.0,33.83687947270033,6.923737199690624,0.0,5.380062770465915,6.923737199690624,19.42597876517572,0.0,0.0,0.6598626595700009,0.1,13,0,3,0,2.2645,0,0,0,0,0,2.8498
*Cc1ccc(C(=O)C(*)=S)s1,0.0835374149659864,1.9,3.2,2.8897596494816566,0.5502418520746993,-0.5400000000000001,0.0,0.0,0.0,34.70538716286261,6.923737199690624,0.0,0.0,6.923737199690624,14.54883157147442,0.0,12.217873443046695,0.3398989040060468,0.1428571428571428,10,0,3,0,1.8568,0,0,1,0,0,3.3428
*Cc1ccc(C(=O)O*)s1,0.1021296296296294,2.0,3.4444444444444446,2.799121632357869,0.4876175755765903,-0.8300000000000001,0.0,0.0,0.0,17.306091165886585,6.923737199690624,0.0,0.0,12.03026459453133,14.54883157147442,0.0,5.106527394840706,0.1821135676492816,0.1666666666666666,9,0,2,0,1.4185,0,0,0,0,0,2.358
*Cc1ccc(C(=S)c2ccc(*)s2)s1,0.3365742315444696,1.3076923076923077,2.6923076923076925,2.276791863299917,0.9846404138928344,-0.5100000000000001,0.0,0.0,0.0,45.13607528813371,6.923737199690624,0.0,5.380062770465915,6.923737199690624,14.631441581103898,0.0,12.217873443046695,0.8204824630469472,0.1,13,0,3,0,2.799800000000001,0,0,1,0,0,3.3843
*Cc1ccc(C(=S)O*)s1,0.0372411186696901,2.0,3.4444444444444446,2.799121632357869,0.4876175755765903,-0.4100000000000001,0.0,0.0,0.0,28.605286981319967,6.923737199690624,0.0,0.0,12.03026459453133,9.7542943874026,0.0,17.324400837887403,0.4584741118669689,0.1666666666666666,9,0,2,0,1.9538,0,0,1,0,0,2.9654
*Cc1ccc(Nc2ccc(*)s2)s1,0.3773149722852104,1.25,2.75,2.102852645102257,0.8749323654821906,-0.7999999999999998,0.0,0.0,0.0,38.05579847971112,6.923737199690624,5.316788604006331,10.696851374472246,6.923737199690624,4.877147193701299,0.0,0.0,0.8924968243470227,0.1111111111111111,12,0,3,0,2.777100000000001,0,0,0,0,0,1.1194
*Cc1ccc(NC(*)=S)s1,0.1988699924414211,2.0,3.4444444444444446,2.6495075543905027,0.4953878278693774,-0.41,0.0,0.0,0.0,34.047158976172106,6.923737199690624,5.316788604006331,5.316788604006331,6.923737199690624,4.877147193701299,0.0,12.217873443046695,0.721607142857143,0.1666666666666666,9,0,2,0,2.0435,0,0,1,0,0,2.0497
*Cc1ccc(NO*)s1,0.036832955404384,2.0,3.625,2.5918163053361463,0.4327635513712684,-0.54,0.0,0.0,0.0,16.337867854622605,6.923737199690624,5.480096598121202,5.480096598121202,12.130990224467917,4.877147193701299,0.0,5.20725302477729,0.5638218065003779,0.2,8,0,3,0,1.6051999999999995,0,0,0,0,0,1.3873
*Cc1ccc(Oc2ccc(*)s2)s1,0.3373149722852103,1.25,2.75,2.102852645102257,0.7952674343624127,-0.7999999999999998,0.0,0.0,0.0,28.05363452633539,6.923737199690624,0.0,10.116925724265965,6.923737199690624,4.877147193701299,0.0,4.736862953800049,6.611200528050727,0.1111111111111111,12,0,3,0,2.825800000000001,0,0,0,0,0,1.2199
*Cc1ccc(OC(*)=S)s1,0.0877588813303099,2.0,3.4444444444444446,2.6495075543905027,0.4541560516207018,-0.41,0.0,0.0,0.0,29.10820255808458,6.923737199690624,0.0,4.736862953800049,6.923737199690624,4.877147193701299,0.0,16.954736396846744,5.96827380952381,0.1666666666666666,9,0,2,0,2.0104,0,0,1,0,0,2.3956
*Cc1ccc(-c2ccc(-c3ccc(*)s3)s2)cc1,0.349766876141335,0.8235294117647058,2.235294117647059,1.914902758589856,1.6681321338414663,-1.3799999999999994,0.0,0.0,0.0,28.05363452633539,6.923737199690624,0.0,5.380062770465915,6.923737199690624,5.563451491696996,0.0,0.0,0.8309546204590397,0.0666666666666666,17,1,3,0,4.367500000000002,0,0,0,0,0,1.9547
*Cc1ccc(-c2ccc(-c3ccc(*)cc3)s2)cc1,0.3251217054668464,0.7777777777777778,1.8888888888888888,1.9054977594361533,1.8683521426380076,-1.8599999999999997,0.0,0.0,0.0,17.403152946396347,6.923737199690624,0.0,6.06636706846161,6.923737199690624,5.563451491696996,0.0,0.0,0.7986724513258743,0.0588235294117647,18,2,3,0,4.306000000000003,0,0,0,0,0,1.8331
*Cc1ccc(-c2ccc(C(*)=S)s2)cc1,0.177897665238935,1.2857142857142858,2.642857142857143,2.3115864006790567,1.2168945960962785,-0.99,0.0,0.0,0.0,28.922142216497672,6.923737199690624,0.0,0.0,6.923737199690624,10.440598685398296,0.0,12.217873443046695,0.663772431289116,0.0833333333333333,14,1,3,0,3.689200000000002,0,0,1,0,0,3.0651
*Cc1ccc(-c2ccc(-c3ccc(*)s3)cc2)cc1,0.3396601597374435,0.7777777777777778,1.9444444444444444,1.8816231251221465,1.9205236514882629,-1.8599999999999997,0.0,0.0,0.0,16.716848648400653,6.923737199690624,0.0,5.380062770465915,6.923737199690624,5.563451491696996,0.0,0.0,0.8127510439830066,0.0588235294117647,18,2,3,0,4.306000000000003,0,0,0,0,0,1.812
*Cc1ccc(-c2ccc(-c3ccc(*)cc3)cc2)cc1,0.3170488719613207,0.5789473684210527,1.368421052631579,1.8726978379111328,2.131668424973552,-2.339999999999999,0.0,0.0,0.0,6.06636706846161,6.923737199690624,0.0,6.06636706846161,6.923737199690624,5.563451491696996,0.0,0.0,0.7836086016674875,0.0526315789473684,19,3,3,0,4.244500000000003,0,0,0,0,0,1.7487
*Cc1ccc(-c2ccc(C(*)=S)cc2)cc1,0.1590987461712569,1.0,2.0,2.2938665692343942,1.4279150930834588,-1.4699999999999998,0.0,0.0,0.0,17.585356338562935,6.923737199690624,0.0,0.0,6.923737199690624,11.126902983393991,0.0,12.217873443046695,0.6362645263186388,0.0714285714285714,15,2,3,0,3.6277000000000017,0,0,1,0,0,2.7075
*Cc1ccc(Cc2ccc(*)s2)cc1,0.401647665238935,1.0769230769230769,2.4615384615384617,2.105655381485372,1.2240046980140709,-1.08,0.0,0.0,0.0,16.716848648400653,13.344558822616634,0.0,5.380062770465915,13.344558822616634,16.00405017709529,0.0,0.0,0.9191339128243888,0.1666666666666666,13,1,3,0,2.5628,0,0,0,0,0,0.9966
*Cc1ccc(Cc2ccc(*)cc2)cc1,0.3652098572823681,0.7857142857142857,1.8571428571428568,2.1088517120273824,1.432080313066278,-1.5599999999999996,0.0,0.0,0.0,6.06636706846161,13.344558822616634,0.0,6.06636706846161,13.344558822616634,16.690354475090988,0.0,0.0,0.8717955164924862,0.1428571428571428,14,2,3,0,2.5013000000000005,0,0,0,0,0,1.0649
*Cc1ccc(CC(*)=S)cc1,0.2828413170823884,1.4,2.5,2.709147824373649,0.7404479247675936,-0.6900000000000001,0.0,0.0,0.0,17.585356338562935,13.344558822616634,0.0,0.0,13.344558822616634,11.126902983393991,0.0,12.217873443046695,0.8067061654908876,0.2222222222222222,10,1,3,0,2.1551,0,0,1,0,0,2.6743
*Cc1ccc(C(=O)c2ccc(*)s2)cc1,0.186105442176871,1.2857142857142858,2.642857142857143,2.268259429656968,1.16164839048363,-1.41,0.0,0.0,0.0,22.50009359476559,6.923737199690624,0.0,5.380062770465915,6.923737199690624,20.798587361167115,0.0,0.0,0.648649218946838,0.0833333333333333,14,1,3,0,2.2030000000000003,0,0,0,0,0,2.5375
*Cc1ccc(C(=O)c2ccc(*)cc2)cc1,0.1386054421768714,1.0,2.066666666666667,2.268204423334219,1.361056295367685,-1.89,0.0,0.0,0.0,11.84961201482655,6.923737199690624,0.0,6.06636706846161,6.923737199690624,21.48489165916281,0.0,0.0,0.647565546726802,0.0714285714285714,15,2,3,0,2.1415,0,0,0,0,0,2.314
*Cc1ccc(C(=O)C(*)=S)cc1,0.0876795162509453,1.5454545454545454,2.636363636363636,2.921307190634043,0.7150459445482673,-1.02,0.0,0.0,0.0,23.368601284927877,6.923737199690624,0.0,0.0,6.923737199690624,15.921440167465814,0.0,12.217873443046695,0.3160362864281515,0.1111111111111111,11,1,3,0,1.7953,0,0,1,0,0,3.3639
*Cc1ccc(C(=S)c2ccc(*)s2)cc1,0.3209069244981943,1.2857142857142858,2.642857142857143,2.268259429656968,1.16164839048363,-0.99,0.0,0.0,0.0,33.79928941019897,6.923737199690624,0.0,5.380062770465915,6.923737199690624,16.00405017709529,0.0,12.217873443046695,0.7933251448727638,0.0833333333333333,14,1,3,0,2.7383000000000006,0,0,1,0,0,3.0211
*Cc1ccc(C(=S)c2ccc(*)cc2)cc1,0.3061584589452555,1.0,2.066666666666667,2.268204423334219,1.361056295367685,-1.4699999999999998,0.0,0.0,0.0,23.14880783025993,6.923737199690624,0.0,6.06636706846161,6.923737199690624,16.690354475090988,0.0,12.217873443046695,0.7676760909444892,0.0714285714285714,15,2,3,0,2.676800000000001,0,0,1,0,0,2.874
*Cc1ccc(C(=S)O*)cc1,0.0643809051398336,1.6,2.8,2.843524062030637,0.6408284278600322,-0.8900000000000001,0.0,0.0,0.0,17.26850110338523,6.923737199690624,0.0,0.0,12.03026459453133,11.126902983393991,0.0,17.324400837887403,0.4186918934240363,0.125,10,1,2,0,1.8923,0,0,1,0,0,2.8319
*Cc1ccc(Nc2ccc(*)s2)cc1,0.3616476652389351,1.2307692307692308,2.6923076923076925,2.105655381485372,1.0387529845343304,-1.2799999999999998,0.0,0.0,0.0,27.40531689977208,6.923737199690624,5.316788604006331,10.696851374472246,6.923737199690624,5.563451491696996,0.0,0.0,0.858725749559083,0.0909090909090909,13,1,3,0,2.7156,0,0,0,0,0,0.9705
*Cc1ccc(Nc2ccc(*)cc2)cc1,0.3374320795045902,0.9285714285714286,2.071428571428572,2.1088517120273824,1.2249735318797308,-1.7599999999999991,0.0,0.0,0.0,17.441139617828735,6.923737199690624,5.316788604006331,11.38315567246794,6.923737199690624,5.563451491696996,0.0,0.0,0.8236095754494022,0.0769230769230769,14,2,3,0,2.654100000000001,0,0,0,0,0,0.9546
*Cc1ccc(NC(*)=S)cc1,0.1717302059712774,1.6,2.8,2.709147824373649,0.6470045628042901,-0.89,0.0,0.0,0.0,23.396677396233063,6.923737199690624,5.316788604006331,5.316788604006331,6.923737199690624,5.563451491696996,0.0,12.217873443046695,0.6751868911144705,0.125,10,1,2,0,1.982,0,0,1,0,0,2.0656
*Cc1ccc(NO*)cc1,0.0096931689342403,1.5555555555555556,2.888888888888889,2.664537066654608,0.572787046116055,-1.02,0.0,0.0,0.0,5.687386274683562,6.923737199690624,5.480096598121202,5.480096598121202,12.130990224467917,5.563451491696996,0.0,5.20725302477729,0.5174258314436886,0.1428571428571428,9,1,3,0,1.5437,0,0,0,0,0,0.7333
*Cc1ccc(Oc2ccc(*)s2)cc1,0.321647665238935,1.2307692307692308,2.6923076923076925,2.105655381485372,0.9566834293566324,-1.2799999999999998,0.0,0.0,0.0,16.716848648400653,6.923737199690624,0.0,10.116925724265965,6.923737199690624,5.563451491696996,0.0,4.736862953800049,6.575912068531116,0.0909090909090909,13,1,3,0,2.7643000000000004,0,0,0,0,0,1.0627
*Cc1ccc(OC(*)=S)cc1,0.0606190948601662,1.6,2.8,2.709147824373649,0.6056076169591676,-0.89,0.0,0.0,0.0,17.771416680149844,6.923737199690624,0.0,4.736862953800049,6.923737199690624,5.563451491696996,0.0,16.954736396846744,5.920336173049466,0.125,10,1,2,0,1.9489,0,0,1,0,0,2.2773
*CCc1ccc(-c2ccc(*)s2)s1,0.3998714254220207,1.1666666666666667,2.75,2.241849543084424,1.018365458757772,-0.6000000000000001,0.0,0.0,0.0,28.05363452633539,13.344558822616634,0.0,5.380062770465915,6.4208216229260096,4.877147193701299,0.0,0.0,0.995192166372722,0.2,12,0,3,0,3.1613000000000016,0,0,0,0,0,1.9411
*CCc1ccc(C(*)=S)s1,0.257619992441421,1.8888888888888888,3.333333333333333,2.732617316782816,0.5671279210125846,-0.21,0.0,0.0,0.0,28.922142216497672,13.344558822616634,0.0,0.0,6.4208216229260096,9.7542943874026,0.0,12.217873443046695,0.8604960317460316,0.2857142857142857,9,0,3,0,2.4830000000000005,0,0,1,0,0,3.3272
*CCc1ccc(O*)s1,0.095582955404384,1.875,3.5,2.591816305336146,0.4925997904044674,-0.5,0.0,0.0,0.0,11.336785877934735,13.344558822616634,0.0,5.106527394840706,6.4208216229260096,4.877147193701299,0.0,5.106527394840706,0.7027106953892669,0.3333333333333333,8,0,3,0,2.1013,0,0,0,0,0,0.6627
*CCc1ccc(-c2ccc(*)s2)cc1,0.3808349080372889,1.1538461538461535,2.6153846153846154,2.231956505158513,1.232062271187525,-1.08,0.0,0.0,0.0,16.716848648400653,13.344558822616634,0.0,5.380062770465915,6.4208216229260096,5.563451491696996,0.0,0.0,0.95973460989334,0.1666666666666666,13,1,3,0,3.099800000000001,0,0,0,0,0,1.6982
*CCc1ccc(C(*)=S)cc1,0.2214278628117914,1.5,2.7,2.780862288870475,0.7394537127827217,-0.6900000000000001,0.0,0.0,0.0,17.585356338562935,13.344558822616634,0.0,0.0,6.4208216229260096,11.126902983393991,0.0,12.217873443046695,0.8067061654908877,0.2222222222222222,10,1,3,0,2.421500000000001,0,0,1,0,0,3.1161
*CCc1ccc(O*)cc1,0.0593908257747543,1.4444444444444444,2.7777777777777777,2.664537066654608,0.6561203794493884,-0.98,0.0,0.0,0.0,0.0,13.344558822616634,0.0,5.106527394840706,6.4208216229260096,5.563451491696996,0.0,5.106527394840706,0.6489451058201058,0.25,9,1,3,0,2.0398,0,0,0,0,0,0.7536
*CCCc1ccc(*)s1,0.481369992441421,1.75,3.375,2.422977777805392,0.5792909120314738,-0.3,0.0,0.0,0.0,16.716848648400653,19.765380445542643,0.0,5.380062770465915,6.4208216229260096,11.297968816627307,0.0,0.0,1.157958238851096,0.4285714285714285,8,0,3,0,1.8229,0,0,0,0,0,0.9489
*CCCc1ccc(*)cc1,0.4275389739229025,1.3333333333333333,2.7777777777777777,2.51863794324683,0.7922031429373428,-0.78,0.0,0.0,0.0,6.06636706846161,19.765380445542643,0.0,6.06636706846161,6.4208216229260096,11.984273114623004,0.0,0.0,1.0822782029478455,0.3333333333333333,9,1,3,0,1.7614,0,0,0,0,0,0.9937
*CCCC(*)=O,0.0598611111111111,2.2,3.2,2.8219389370591843,0.0721687836487032,-0.33,0.0,0.0,0.0,6.286160523129555,19.765380445542643,0.0,0.0,4.794537184071822,12.84164324585202,0.0,0.0,0.6547222222222222,0.75,5,0,3,0,0.8101,0,0,0,0,0,1.2346
*CCCC(*)=S,0.4302314814814815,2.2,3.2,2.8219389370591843,0.0721687836487032,0.09,0.0,0.0,0.0,17.585356338562935,19.765380445542643,0.0,0.0,0.0,12.84164324585202,0.0,12.217873443046695,1.1176851851851852,0.75,5,0,3,0,1.6109,0,0,1,0,0,2.3997
*CCC(=O)c1ccc(*)s1,0.3080366591080876,1.8888888888888888,3.333333333333333,2.685447835960937,0.5142967046612877,-0.6300000000000001,0.0,0.0,0.0,22.50009359476559,13.344558822616634,0.0,5.380062770465915,0.0,16.09250600069913,0.0,0.0,0.734208238851096,0.2857142857142857,9,0,3,0,1.4631,0,0,0,0,0,2.6933
*CCC(=O)c1ccc(*)cc1,0.3004603647014361,1.5,2.8,2.753742758109602,0.7171246134134616,-1.11,0.0,0.0,0.0,11.84961201482655,13.344558822616634,0.0,6.06636706846161,0.0,16.778810298694825,0.0,0.0,0.7047829270597128,0.2222222222222222,10,1,3,0,1.4016,0,0,0,0,0,2.3583
*CCC(=O)C(*)=S,0.036712962962963,2.1666666666666665,3.0,3.4904530666021536,0.0510310363079828,-0.24,0.0,0.0,0.0,23.368601284927877,13.344558822616634,0.0,0.0,4.794537184071822,6.4208216229260096,0.0,12.217873443046695,0.4737500000000001,0.5,6,0,3,0,0.7899,0,0,1,0,0,3.1911
*CCC(=S)O*,0.0830092592592592,2.4,3.4,3.002590528674132,0.0,-0.11,0.0,0.0,0.0,17.26850110338523,13.344558822616634,0.0,0.0,5.106527394840706,6.4208216229260096,0.0,17.324400837887403,0.6541203703703704,0.6666666666666666,5,0,2,0,1.1524,0,0,1,0,0,2.069
*CCNc1ccc(*)s1,0.441369992441421,1.875,3.5,2.422977777805392,0.4594426804559658,-0.5000000000000001,0.0,0.0,0.0,21.71793062508852,6.923737199690624,11.861545009918906,10.696851374472246,0.0,0.0,0.0,0.0,1.055458238851096,0.3333333333333333,8,0,3,0,1.3021999999999998,0,0,0,0,0,0.6915
*CCNc1ccc(*)cc1,0.3997611961451247,1.4444444444444444,2.888888888888889,2.51863794324683,0.6490832316694843,-0.98,0.0,0.0,0.0,11.753753343145172,6.923737199690624,11.861545009918906,11.38315567246794,0.0,0.0,0.0,0.0,0.992000425170068,0.25,9,1,3,0,1.2407,0,0,0,0,0,0.6326
*CCNC(*)=S,0.3191203703703704,2.4,3.4,2.8219389370591843,0.0510310363079828,-0.11,0.0,0.0,0.0,17.7092911215495,6.923737199690624,6.544756405912575,5.316788604006331,0.0,0.0,0.0,12.217873443046695,0.944074074074074,0.6666666666666666,5,0,2,0,0.3777999999999999,0,0,1,0,0,1.6837
*CCON*,0.2959722222222222,2.5,3.75,2.3390923149762908,0.0,-0.08,0.0,0.0,0.0,0.0,6.923737199690624,6.606881964512918,5.896975471277056,4.8375885837366335,0.0,0.0,4.8375885837366335,0.8991666666666666,1.0,4,0,3,0,-0.0605,0,0,0,0,0,0.6058
*CC(=O)c1ccc(-c2ccc(*)s2)s1,0.2018022224321827,1.3076923076923077,2.769230769230769,2.3118804253974456,0.9938334140252086,-0.9300000000000002,0.0,0.0,0.0,33.83687947270033,6.923737199690624,0.0,5.380062770465915,0.0,9.671684377773122,0.0,0.0,0.5249954071134626,0.1,13,0,3,0,2.8015000000000008,0,0,0,0,0,2.8128
*CC(=O)c1ccc(-c2ccc(*)cc2)s1,0.1884161627614008,1.2857142857142858,2.7857142857142856,2.3116410931172133,1.194053422821751,-1.41,0.0,0.0,0.0,23.186397892761285,6.923737199690624,0.0,6.06636706846161,0.0,9.671684377773122,0.0,0.0,0.4926550033593684,0.0833333333333333,14,1,3,0,2.740000000000001,0,0,0,0,0,2.6784
*CC(=O)c1ccc(C(*)=O)s1,0.1572741874527589,1.6,2.8,2.9120812188252145,0.5425958762800213,-0.9600000000000002,0.0,0.0,0.0,23.406191347429232,6.923737199690624,0.0,0.0,0.0,19.343368755546244,0.0,0.0,-0.0825547996976566,0.1428571428571428,10,0,3,0,1.5879,0,0,0,0,0,3.1941
*CC(=O)c1ccc(C(*)=S)s1,0.1305413832199545,1.8,3.0,2.9120812188252145,0.5425958762800213,-0.5400000000000001,0.0,0.0,0.0,34.70538716286261,6.923737199690624,0.0,0.0,0.0,14.54883157147442,0.0,12.217873443046695,0.3398989040060468,0.1428571428571428,10,0,3,0,2.1232000000000006,0,0,1,0,0,3.6254
*CC(=O)c1ccc(O*)s1,0.0314956538170823,2.0,3.4444444444444446,2.7991216323578683,0.4700071701261581,-0.8300000000000001,0.0,0.0,0.0,17.120030824299675,6.923737199690624,0.0,5.106527394840706,0.0,9.671684377773122,0.0,5.106527394840706,0.1821135676492821,0.1666666666666666,9,0,3,0,1.7415000000000005,0,0,0,0,0,2.4711
*CC(=O)c1ccc(-c2ccc(*)s2)cc1,0.1853811833375324,1.2857142857142858,2.642857142857143,2.2889549831233023,1.2167703195981692,-1.41,0.0,0.0,0.0,22.50009359476559,6.923737199690624,0.0,5.380062770465915,0.0,10.357988675768818,0.0,0.0,0.504158478206097,0.0833333333333333,14,1,3,0,2.740000000000001,0,0,0,0,0,2.4129
*CC(=O)c1ccc(-c2ccc(*)cc2)cc1,0.1744805949621964,1.0,2.066666666666667,2.28940133813224,1.4279150930834588,-1.89,0.0,0.0,0.0,11.84961201482655,6.923737199690624,0.0,6.06636706846161,0.0,10.357988675768818,0.0,0.0,0.4747240667514835,0.0714285714285714,15,2,3,0,2.6785000000000005,0,0,0,0,0,2.336
*CC(=O)c1ccc(C(*)=O)cc1,0.1506075207860921,1.2727272727272727,2.272727272727273,2.9340419411151166,0.7241617611933655,-1.44,0.0,0.0,0.0,12.069405469494496,6.923737199690624,0.0,0.0,0.0,20.715977351537635,0.0,0.0,-0.0954863473167044,0.1111111111111111,11,1,3,0,1.5264000000000002,0,0,0,0,0,2.7979
*CC(=O)c1ccc(C(*)=S)cc1,0.1242765022675735,1.4545454545454546,2.4545454545454546,2.9340419411151166,0.7241617611933655,-1.02,0.0,0.0,0.0,23.368601284927877,6.923737199690624,0.0,0.0,0.0,15.921440167465814,0.0,12.217873443046695,0.3160362864281514,0.1111111111111111,11,1,3,0,2.0617,0,0,1,0,0,3.7473
*CC(=O)c1ccc(O*)cc1,0.0377605347694633,1.6,2.8,2.843524062030637,0.6408284278600322,-1.31,0.0,0.0,0.0,5.783244946364939,6.923737199690624,0.0,5.106527394840706,0.0,10.357988675768818,0.0,5.106527394840706,0.1582752267573695,0.125,10,1,3,0,1.6800000000000002,0,0,0,0,0,2.3793
*CC(=O)Cc1ccc(*)s1,0.2830697278911565,1.8888888888888888,3.333333333333333,2.5725016835725403,0.5600349122215115,-0.6300000000000001,0.0,0.0,0.0,22.50009359476559,13.344558822616634,0.0,5.380062770465915,11.21535880699783,4.877147193701299,0.0,0.0,0.6373611111111112,0.2857142857142857,9,0,3,0,1.0019,0,0,0,0,0,1.6069
*CC(=O)Cc1ccc(*)cc1,0.2612207105064248,1.5,2.8,2.6449316670687724,0.7669343618672424,-1.11,0.0,0.0,0.0,11.84961201482655,13.344558822616634,0.0,6.06636706846161,11.21535880699783,5.563451491696996,0.0,0.0,0.5916083238851096,0.2222222222222222,10,1,3,0,0.9404,0,0,0,0,0,1.8209
*CC(=O)CC(*)=O,0.1905555555555556,1.8333333333333333,2.6666666666666665,3.3954996118673995,0.0804938188574223,-0.66,0.0,0.0,0.0,12.069405469494496,13.344558822616634,0.0,0.0,9.589074368143644,6.4208216229260096,0.0,0.0,0.010787037037037,0.5,6,0,3,0,-0.0109,0,0,0,0,0,1.5258
*CC(=O)CC(*)=S,0.1798148148148148,2.1666666666666665,3.0,3.3954996118673995,0.0804938188574223,-0.24,0.0,0.0,0.0,23.368601284927877,13.344558822616634,0.0,0.0,4.794537184071822,6.4208216229260096,0.0,12.217873443046695,0.4737500000000001,0.5,6,0,3,0,0.7899,0,0,1,0,0,3.0632
*CC(=O)CO*,0.0177777777777777,2.4,3.4,3.002590528674132,0.0,-0.37,0.0,0.0,0.0,5.783244946364939,6.923737199690624,6.606881964512918,0.0,9.901064578912528,0.0,0.0,5.106527394840706,0.3124537037037037,0.6666666666666666,5,0,3,0,0.004,0,0,0,0,0,1.6393
*CC(=O)C(=S)c1ccc(*)s1,0.1659863945578231,1.9,3.2,2.8510623327042497,0.5006806566171366,-0.54,0.0,0.0,0.0,39.58253435656391,6.923737199690624,0.0,5.380062770465915,4.794537184071822,4.877147193701299,0.0,12.217873443046695,0.439537037037037,0.1428571428571428,10,0,3,0,1.1774,0,0,1,0,0,3.7805
*CC(=O)C(=S)c1ccc(*)cc1,0.1441373771730915,1.5454545454545454,2.727272727272727,2.898667675015539,0.6992568869664753,-1.02,0.0,0.0,0.0,28.932052776624868,6.923737199690624,0.0,6.06636706846161,4.794537184071822,5.563451491696996,0.0,12.217873443046695,0.4154735922146636,0.1111111111111111,11,1,3,0,1.1159,0,0,1,0,0,3.6382
*CC(=O)C(=S)C(*)=O,0.018472222222222,1.8571428571428568,2.571428571428572,4.053443249785434,0.0569177251576849,-0.5700000000000001,0.0,0.0,0.0,29.15184623129281,6.923737199690624,0.0,0.0,9.589074368143644,0.0,0.0,0.0,-0.2914814814814813,0.25,7,0,3,0,-0.0311,0,0,1,0,0,4.8698
*CC(=O)C(=S)O*,0.0648148148148148,2.333333333333333,3.1666666666666665,3.643224945571916,0.0,-0.44,0.0,0.0,0.0,23.051746049750168,6.923737199690624,0.0,0.0,9.901064578912528,0.0,0.0,5.106527394840706,0.0101851851851854,0.3333333333333333,6,0,2,0,0.3314,0,0,1,0,0,2.8847
*CC(=O)Nc1ccc(*)s1,0.2146759259259261,2.0,3.4444444444444446,2.5725016835725403,0.4458266324118147,-0.8300000000000001,0.0,0.0,0.0,27.625110354440025,6.923737199690624,5.316788604006331,10.696851374472246,4.794537184071822,0.0,0.0,0.0,0.5348611111111111,0.1666666666666666,9,0,2,0,0.8288,0,0,0,0,0,1.3272
*CC(=O)Nc1ccc(*)cc1,0.1860128495842783,1.6,2.9,2.6449316670687724,0.631215505222498,-1.31,0.0,0.0,0.0,17.66093307249668,6.923737199690624,5.316788604006331,11.38315567246794,4.794537184071822,0.0,0.0,0.0,0.5013305461073319,0.125,10,1,2,0,0.7672999999999999,0,0,0,0,0,1.369
*CC(=O)NC(*)=O,0.0045833333333331,2.0,2.833333333333333,3.3954996118673995,0.0569177251576849,-0.8600000000000001,0.0,0.0,0.0,12.317275035467627,6.923737199690624,0.0,5.316788604006331,4.794537184071822,0.0,0.0,0.0,-0.162824074074074,0.3333333333333333,6,0,1,0,-0.2604999999999999,0,0,0,0,0,1.5835
*CC(=O)NC(*)=S,0.0687037037037037,2.333333333333333,3.1666666666666665,3.3954996118673995,0.0569177251576849,-0.44,0.0,0.0,0.0,23.61647085090101,6.923737199690624,0.0,5.316788604006331,4.794537184071822,0.0,0.0,12.217873443046695,0.3001388888888889,0.3333333333333333,6,0,1,0,-0.0955999999999999,0,0,1,0,0,2.9562
*CC(=O)Oc1ccc(*)s1,0.0353240740740739,2.0,3.4444444444444446,2.5725016835725403,0.3952304865218228,-0.8300000000000001,0.0,0.0,0.0,22.6861539363525,6.923737199690624,0.0,10.116925724265965,4.794537184071822,0.0,0.0,4.736862953800049,5.498796296296296,0.1666666666666666,9,0,2,0,0.7957000000000001,0,0,0,0,0,1.4534
*CC(=O)OC(*)=O,0.0763425925925926,2.0,2.833333333333333,3.3954996118673995,0.0464731279854337,-0.8600000000000001,0.0,0.0,0.0,12.441526152668311,6.923737199690624,0.0,0.0,9.53140013787187,0.0,0.0,0.0,3.958703703703704,0.3333333333333333,6,0,1,0,0.1665,0,0,0,0,0,2.2158
*CC(=O)OC(*)=S,0.0424074074074074,2.333333333333333,3.1666666666666665,3.3954996118673995,0.0464731279854337,-0.44,0.0,0.0,0.0,23.74072196810169,6.923737199690624,0.0,0.0,9.53140013787187,0.0,0.0,0.0,4.792037037037038,0.3333333333333333,6,0,1,0,0.3314,0,0,1,0,0,3.1169
*CC(=S)c1ccc(C(*)=S)s1,0.1985685941043083,1.6,2.8,2.9120812188252145,0.5425958762800213,-0.12,0.0,0.0,0.0,46.00458297829599,6.923737199690624,0.0,0.0,0.0,9.7542943874026,0.0,24.43574688609339,0.616259448223734,0.1428571428571428,10,0,3,0,2.6585,0,0,2,0,0,2.8676
*CC(=S)c1ccc(O*)s1,0.0365315570672712,2.0,3.4444444444444446,2.7991216323578683,0.4700071701261581,-0.4100000000000001,0.0,0.0,0.0,28.419226639733058,6.923737199690624,0.0,5.106527394840706,0.0,4.877147193701299,0.0,17.324400837887403,0.4584741118669689,0.1666666666666666,9,0,3,0,2.2768000000000006,0,0,1,0,0,3.131
*CC(=S)c1ccc(C(*)=S)cc1,0.1763598356009069,1.2727272727272727,2.272727272727273,2.9340419411151166,0.7241617611933655,-0.6000000000000001,0.0,0.0,0.0,34.667797100361256,6.923737199690624,0.0,0.0,0.0,11.126902983393991,0.0,24.43574688609339,0.576452953094818,0.1111111111111111,11,1,3,0,2.5970000000000004,0,0,2,0,0,2.9742
*CC(=S)c1ccc(N*)cc1,0.2643227985638698,1.6,2.8,2.843524062030637,0.6561203794493884,-0.8900000000000001,0.0,0.0,0.0,22.76982703648188,6.923737199690624,5.733667477162185,5.733667477162185,0.0,5.563451491696996,0.0,12.217873443046695,0.6843168934240361,0.125,10,1,3,0,2.2484,0,0,1,0,0,3.0309
*CC(=S)c1ccc(O*)cc1,0.0143227985638698,1.6,2.8,2.843524062030637,0.6408284278600322,-0.8900000000000001,0.0,0.0,0.0,17.08244076179832,6.923737199690624,0.0,5.106527394840706,0.0,5.563451491696996,0.0,17.324400837887403,0.4186918934240361,0.125,10,1,3,0,2.2153,0,0,1,0,0,3.1915
*CC(=S)CO*,0.151111111111111,2.4,3.4,3.002590528674132,0.0,0.0499999999999999,0.0,0.0,0.0,17.08244076179832,6.923737199690624,6.606881964512918,0.0,5.106527394840706,0.0,0.0,17.324400837887403,0.6541203703703704,0.6666666666666666,5,0,3,0,0.8048,0,0,1,0,0,2.5664
*CC(=S)C(=O)O*,0.2129629629629625,2.333333333333333,3.1666666666666665,3.643224945571916,0.0,-0.44,0.0,0.0,0.0,23.05174604975017,6.923737199690624,0.0,0.0,9.901064578912528,0.0,0.0,12.217873443046695,0.0101851851851851,0.3333333333333333,6,0,2,0,0.3314,0,0,1,0,0,3.8755
*CC(=S)NO*,0.04,2.6,3.6,3.002590528674132,0.0,-0.15,0.0,0.0,0.0,17.206375544784887,6.923737199690624,0.0,5.480096598121202,5.20725302477729,0.0,0.0,17.425126467823986,0.4805092592592593,0.5,5,0,2,0,0.2668999999999999,0,0,1,0,0,2.2076
*CNc1ccc(-c2ccc(*)cc2)s1,0.3539507747543461,1.2307692307692308,2.8461538461538463,2.2486693658517765,1.1391993986164288,-1.28,0.0,0.0,0.0,22.40423492308421,0.0,12.36446058668352,11.38315567246794,0.0,0.0,0.0,0.0,0.8247743449231544,0.0909090909090909,13,1,3,0,2.508400000000001,0,0,0,0,0,1.6671
*CNc1ccc(C(*)=O)s1,0.140528155706727,2.0,3.4444444444444446,2.732617316782816,0.4877418520746994,-0.8300000000000001,0.0,0.0,0.0,22.62402837775216,0.0,12.36446058668352,5.316788604006331,0.0,9.671684377773122,0.0,0.0,0.2991534391534393,0.1666666666666666,9,0,3,0,1.3562999999999998,0,0,0,0,0,2.2797
*CNc1ccc(C(*)=S)s1,0.2298422146636431,2.0,3.4444444444444446,2.732617316782816,0.4877418520746994,-0.4100000000000001,0.0,0.0,0.0,33.92322419318554,0.0,12.36446058668352,5.316788604006331,0.0,4.877147193701299,0.0,12.217873443046695,0.7216071428571428,0.1666666666666666,9,0,3,0,1.8916,0,0,1,0,0,2.9244
*CNc1ccc(N*)s1,0.3178051776266061,1.75,3.25,2.591816305336146,0.4328878278693774,-0.7000000000000002,0.0,0.0,0.0,21.338949831310472,0.0,18.098128063845703,11.050456081168516,0.0,0.0,0.0,0.0,0.834229969765684,0.2,8,0,3,0,1.5429999999999997,0,0,0,0,0,0.5629
*CNc1ccc(O*)s1,0.0678051776266061,2.0,3.625,2.591816305336146,0.4151531459208362,-0.7000000000000002,0.0,0.0,0.0,16.337867854622605,0.0,12.36446058668352,10.423315998847038,0.0,0.0,0.0,5.106527394840706,0.5638218065003778,0.2,8,0,3,0,1.5099,0,0,0,0,0,0.8203
*CNc1ccc(-c2ccc(*)s2)cc1,0.3684892290249433,1.2307692307692308,2.6923076923076925,2.231956505158513,1.148728937854192,-1.2800000000000002,0.0,0.0,0.0,22.40423492308421,0.0,12.36446058668352,10.696851374472246,0.0,0.0,0.0,0.0,0.8362778197698832,0.0909090909090909,13,1,3,0,2.508400000000001,0,0,0,0,0,1.292
*CNc1ccc(N*)cc1,0.2889826625094481,1.3333333333333333,2.555555555555556,2.664537066654608,0.5880789977054113,-1.1800000000000002,0.0,0.0,0.0,11.374772549367124,0.0,18.098128063845703,11.050456081168516,0.0,0.0,0.0,0.0,0.7830508314436885,0.1428571428571428,9,1,3,0,1.4814999999999996,0,0,0,0,0,0.54
*CNc1ccc(O*)cc1,0.0389826625094481,1.5555555555555556,2.888888888888889,2.664537066654608,0.572787046116055,-1.1800000000000002,0.0,0.0,0.0,5.687386274683562,0.0,12.36446058668352,10.423315998847038,0.0,0.0,0.0,5.106527394840706,0.5174258314436885,0.1428571428571428,9,1,3,0,1.4484,0,0,0,0,0,0.7695
*CNCc1ccc(*)s1,0.4535922146636432,1.875,3.5,2.422977777805392,0.4889054630054054,-0.3400000000000001,0.0,0.0,0.0,16.716848648400653,6.544756405912575,7.04767198267719,10.696851374472246,6.544756405912575,4.877147193701299,0.0,0.0,1.0190693499622072,0.3333333333333333,8,0,3,0,0.5191000000000001,0,0,0,0,0,1.1612
*CNCc1ccc(*)cc1,0.4071308106575964,1.4444444444444444,2.888888888888889,2.51863794324683,0.6836010285339089,-0.8200000000000001,0.0,0.0,0.0,6.06636706846161,6.544756405912575,7.04767198267719,11.38315567246794,6.544756405912575,5.563451491696996,0.0,0.0,0.9507589285714284,0.25,9,1,3,0,0.4576,0,0,0,0,0,1.2974
*CNCC(*)=O,0.0026388888888888,2.4,3.4,2.8219389370591843,0.0510310363079828,-0.37,0.0,0.0,0.0,6.286160523129555,0.0,13.592428388589765,5.316788604006331,4.794537184071822,0.0,0.0,0.0,0.4811111111111111,0.6666666666666666,5,0,3,0,-0.8413000000000002,0,0,0,0,0,1.6269
*CNCC(*)=S,0.3677314814814815,2.4,3.4,2.8219389370591843,0.0510310363079828,0.0499999999999999,0.0,0.0,0.0,17.585356338562935,0.0,13.592428388589765,5.316788604006331,0.0,0.0,0.0,12.217873443046695,0.9440740740740742,0.6666666666666666,5,0,3,0,-0.0405,0,0,1,0,0,2.6857
*CNCN*,0.4556944444444444,2.25,3.5,2.3390923149762908,0.0,-0.08,0.0,0.0,0.0,0.0,0.0,13.716363171576331,11.050456081168516,0.0,0.0,0.0,0.0,1.0727777777777778,1.0,4,0,3,0,-0.9058000000000002,0,0,0,0,0,0.8689
*CNCO*,0.2056944444444444,2.5,3.75,2.3390923149762908,0.0,-0.08,0.0,0.0,0.0,0.0,0.0,13.778488730176674,5.316788604006331,5.106527394840706,0.0,0.0,5.106527394840706,0.7827777777777778,1.0,4,0,3,0,-0.4788000000000001,0,0,0,0,0,0.7624
*CNC(=O)c1ccc(*)s1,0.1354629629629631,2.0,3.4444444444444446,2.685447835960937,0.4503845407343638,-0.8300000000000001,0.0,0.0,0.0,22.62402837775216,0.0,7.04767198267719,10.696851374472246,0.0,9.671684377773122,0.0,0.0,0.5953193499622073,0.1666666666666666,9,0,2,0,0.1593000000000001,0,0,0,0,0,1.968
*CNC(=O)C(*)=S,0.0257870370370369,2.333333333333333,3.1666666666666665,3.4904530666021536,0.0360843918243516,-0.44,0.0,0.0,0.0,23.49253606791444,0.0,7.04767198267719,5.316788604006331,4.794537184071822,0.0,0.0,12.217873443046695,0.300138888888889,0.3333333333333333,6,0,2,0,-0.5139,0,0,1,0,0,4.0732
*CNC(=S)c1ccc(*)s1,0.3728514739229025,2.0,3.4444444444444446,2.685447835960937,0.4503845407343638,-0.41,0.0,0.0,0.0,33.92322419318554,0.0,7.04767198267719,10.696851374472246,0.0,4.877147193701299,0.0,12.217873443046695,0.8212452758881331,0.1666666666666666,9,0,2,0,0.6946000000000001,0,0,1,0,0,2.3974
*CNC(=S)c1ccc(*)cc1,0.3480794123204838,1.6,2.9,2.753742758109602,0.6403313218675962,-0.89,0.0,0.0,0.0,23.272742613246496,0.0,7.04767198267719,11.38315567246794,0.0,5.563451491696996,0.0,12.217873443046695,0.7746241969009827,0.125,10,1,2,0,0.6331,0,0,1,0,0,2.3012
*CNC(=S)C(*)=O,0.1878240740740739,2.333333333333333,3.1666666666666665,3.4904530666021536,0.0360843918243516,-0.44,0.0,0.0,0.0,23.492536067914443,0.0,7.04767198267719,5.316788604006331,4.794537184071822,0.0,0.0,12.217873443046695,0.1788425925925927,0.3333333333333333,6,0,2,0,-0.5139,0,0,1,0,0,3.7481
*CNC(=S)N*,0.2705092592592593,2.4,3.4,3.002590528674132,0.0,-0.31,0.0,0.0,0.0,17.330310327771453,0.0,7.04767198267719,11.050456081168516,0.0,0.0,0.0,12.217873443046695,0.7705092592592593,0.5,5,0,1,0,-0.5784000000000002,0,0,1,0,0,1.4813
*CNC(=S)O*,0.0205092592592592,2.6,3.6,3.002590528674132,0.0,-0.31,0.0,0.0,0.0,17.392435886371796,0.0,7.04767198267719,5.316788604006331,5.106527394840706,0.0,0.0,17.324400837887403,0.4805092592592593,0.5,5,0,1,0,-0.1514,0,0,1,0,0,1.5976
*CNOc1ccc(*)s1,0.3735922146636432,2.0,3.625,2.422977777805392,0.3541638798695941,-0.54,0.0,0.0,0.0,16.716848648400653,0.0,7.04767198267719,15.697747952323752,0.0,0.0,0.0,4.8375885837366335,0.8140693499622071,0.2,8,0,3,0,0.3129000000000001,0,0,0,0,0,1.0659
*CNOc1ccc(*)cc1,0.3515752551020408,1.5555555555555556,3.0,2.51863794324683,0.5229772976622743,-1.02,0.0,0.0,0.0,6.06636706846161,0.0,7.04767198267719,16.384052250319446,0.0,0.0,0.0,4.8375885837366335,0.770203373015873,0.1428571428571428,9,1,3,0,0.2514000000000001,0,0,0,0,0,0.891
*CNOC(*)=S,0.1455092592592592,2.6,3.6,2.8219389370591843,0.0294627825494394,-0.15,0.0,0.0,0.0,17.771416680149844,0.0,7.04767198267719,5.480096598121202,4.8375885837366335,0.0,0.0,17.055462026783328,0.596851851851852,0.5,5,0,2,0,-0.1514,0,0,1,0,0,2.5
*CNON*,0.2334722222222222,2.5,3.75,2.3390923149762908,0.0,-0.12,0.0,0.0,0.0,0.0,0.0,7.04767198267719,11.377072069398258,4.938314213673218,0.0,0.0,0.0,0.7255555555555556,1.0,4,0,3,0,-1.0167000000000002,0,0,0,0,0,0.9652
*COc1ccc(-c2ccc(*)cc2)s1,0.3416050957420005,1.2307692307692308,2.8461538461538463,2.2486693658517765,1.1040300647265653,-1.28,0.0,0.0,0.0,17.403152946396347,0.0,7.109797541277533,10.803230022261658,0.0,0.0,0.0,4.736862953800049,6.275015038422776,0.0909090909090909,13,1,3,0,2.4753000000000007,0,0,0,0,0,1.6377
*COc1ccc(O*)s1,0.0400273998488284,1.75,3.25,2.591816305336146,0.3808430089542917,-0.7000000000000002,0.0,0.0,0.0,11.336785877934735,0.0,7.109797541277533,9.843390348640757,0.0,0.0,0.0,9.843390348640757,5.79067365835223,0.2,8,0,3,0,1.4768,0,0,0,0,0,0.8857
*COc1ccc(O*)cc1,0.0185744992441421,1.3333333333333333,2.555555555555556,2.664537066654608,0.5358690091938786,-1.1800000000000002,0.0,0.0,0.0,0.0,0.0,7.109797541277533,9.843390348640757,0.0,0.0,0.0,9.843390348640757,5.767204743008314,0.1428571428571428,9,1,3,0,1.4153,0,0,0,0,0,0.9466
*COC(=O)O*,0.2155555555555556,2.4,3.4,3.002590528674132,0.0,-0.73,0.0,0.0,0.0,6.155365629538759,0.0,7.109797541277533,0.0,9.843390348640757,0.0,6.155365629538759,0.0,4.468703703703704,0.5,5,0,1,0,0.1106999999999999,0,0,0,0,0,0.7529
*COC(=S)O*,0.0419907407407407,2.4,3.4,3.002590528674132,0.0,-0.31,0.0,0.0,0.0,17.45456144497214,0.0,7.109797541277533,0.0,9.843390348640757,0.0,0.0,9.843390348640757,5.180740740740741,0.5,5,0,1,0,0.2755999999999999,0,0,1,0,0,2.0771
*CONC(*)=O,0.1250462962962963,2.6,3.6,2.8219389370591843,0.0294627825494394,-0.5700000000000001,0.0,0.0,0.0,6.410095306116121,0.0,7.109797541277533,5.480096598121202,4.8375885837366335,0.0,0.0,0.0,0.1338888888888889,0.5,5,0,2,0,-0.3162999999999999,0,0,0,0,0,1.2523
*CONO*,0.0320833333333333,2.5,3.75,2.3390923149762908,0.0,-0.12,0.0,0.0,0.0,0.0,0.0,7.109797541277533,5.643404592236074,10.044841608513924,0.0,0.0,0.0,0.4355555555555556,1.0,4,0,3,0,-0.5897000000000001,0,0,0,0,0,0.421
*C(=O)c1ccc(-c2ccc(-c3ccc(*)s3)s2)s1,0.2109704492704129,0.8823529411764706,2.0588235294117645,1.9381423389123984,1.501559986422586,-1.2299999999999998,0.0,0.0,0.0,45.67658092739968,0.0,0.0,5.380062770465915,0.0,9.671684377773122,0.0,0.0,0.1059929289285351,0.0,17,0,3,0,4.069200000000001,0,0,0,0,0,3.453
*C(=O)c1ccc(-c2ccc(C(*)=S)s2)s1,0.131507359116486,1.1428571428571428,2.142857142857143,2.349062263009113,1.0503224486773974,-0.8400000000000001,0.0,0.0,0.0,46.545088617561966,0.0,0.0,0.0,0.0,14.54883157147442,0.0,12.217873443046695,-0.0740223188040646,0.0,14,0,3,0,3.3909,0,0,1,0,0,4.1032
*Oc1ccc(-c2ccc(C(*)=O)s2)s1,0.0305296779205508,1.3076923076923077,2.6923076923076925,2.3233777830440703,0.9777337425235344,-1.13,0.0,0.0,0.0,28.95973227899903,0.0,0.0,5.106527394840706,0.0,9.671684377773122,0.0,5.106527394840706,-0.2320264340304021,0.0,13,0,3,0,3.0092000000000008,0,0,0,0,0,2.952
*C(=O)c1ccc(-c2ccc(-c3ccc(*)s3)cc2)s1,0.2208649610236908,0.8888888888888888,2.0,1.902325887568432,1.743026739380635,-1.7099999999999995,0.0,0.0,0.0,34.339795049464946,0.0,0.0,5.380062770465915,0.0,9.671684377773122,0.0,0.0,0.0906723076188337,0.0,18,1,3,0,4.007700000000002,0,0,0,0,0,3.2278
*C(=O)c1ccc(-c2ccc(C(*)=S)cc2)s1,0.1203635937208266,1.2,2.466666666666667,2.3274072852573684,1.2504181809758308,-1.32,0.0,0.0,0.0,35.20830273962723,0.0,0.0,0.0,0.0,15.235135869470117,0.0,12.217873443046695,-0.095814345570388,0.0,15,1,3,0,3.3294000000000006,0,0,1,0,0,3.7335
*Oc1ccc(-c2ccc(C(*)=O)s2)cc1,0.0416734433162102,1.2857142857142858,2.642857142857143,2.3115864006790567,1.167084847642497,-1.61,0.0,0.0,0.0,17.622946401064294,0.0,0.0,5.106527394840706,0.0,9.671684377773122,0.0,5.106527394840706,-0.2541461484476455,0.0,14,1,3,0,2.947700000000001,0,0,0,0,0,2.9075
*C(=O)c1ccc(C(=O)c2ccc(*)s2)s1,0.0775925925925926,1.0714285714285714,2.2857142857142856,2.304522786101898,0.9994627818783566,-1.2599999999999998,0.0,0.0,0.0,40.123039995829885,0.0,0.0,5.380062770465915,0.0,24.22051594924754,0.0,0.0,-0.1105282869320564,0.0,14,0,3,0,1.9047,0,0,0,0,0,4.0693
*C(=O)c1ccc(C(=O)C(*)=S)s1,0.0208333333333332,1.4545454545454546,2.5454545454545454,2.9854529680476976,0.5650642200602216,-0.8700000000000001,0.0,0.0,0.0,40.99154768599217,0.0,0.0,0.0,0.0,19.343368755546244,0.0,12.217873443046695,-0.4655857898715041,0.0,11,0,3,0,1.497,0,0,1,0,0,4.6396
*OC(=O)c1ccc(C(*)=O)s1,0.2381424792139079,1.6,2.8,2.9120812188252145,0.5024399435621125,-1.16,0.0,0.0,0.0,23.59225168901614,0.0,0.0,0.0,5.106527394840706,19.343368755546244,0.0,5.106527394840706,-0.6233711262282691,0.0,10,0,2,0,1.0587,0,0,0,0,0,3.3779
*OC(=S)c1ccc(C(*)=O)s1,0.1343924792139077,1.8,3.0,2.9120812188252145,0.5024399435621125,-0.74,0.0,0.0,0.0,34.89144750444952,0.0,0.0,0.0,5.106527394840706,14.54883157147442,0.0,17.324400837887403,-0.3470105820105817,0.0,10,0,2,0,1.594,0,0,1,0,0,4.037
*C(=O)c1ccc(Oc2ccc(*)s2)s1,0.2209292590492984,1.3076923076923077,2.6923076923076925,2.140448930923352,0.8120292268021889,-1.13,0.0,0.0,0.0,34.339795049464946,0.0,0.0,10.116925724265965,0.0,9.671684377773122,0.0,4.736862953800049,5.73692069265978,0.0,13,0,3,0,2.466,0,0,0,0,0,2.882
*C(=O)c1ccc(OC(*)=S)s1,0.0093924792139079,1.8,3.1,2.7716918003223654,0.4709178440604781,-0.7400000000000002,0.0,0.0,0.0,35.39436308121414,0.0,0.0,4.736862953800049,0.0,9.671684377773122,0.0,16.954736396846744,5.05890022675737,0.0,10,0,2,0,1.6506,0,0,1,0,0,3.2522
*C(=O)c1ccc(-c2ccc(-c3ccc(*)cc3)s2)cc1,0.2347825874743052,0.8421052631578947,1.894736842105263,1.9045869153723525,1.90187572751756,-2.1899999999999995,0.0,0.0,0.0,23.689313469525903,0.0,0.0,6.06636706846161,0.0,10.357988675768818,0.0,0.0,0.0587406798006964,0.0,19,2,3,0,3.946200000000002,0,0,0,0,0,2.8757
*Oc1ccc(-c2ccc(C(*)=O)cc2)s1,0.0353928153242726,1.2857142857142858,2.642857142857143,2.303615435117306,1.1778294748219675,-1.61,0.0,0.0,0.0,17.622946401064294,0.0,0.0,5.106527394840706,0.0,10.357988675768818,0.0,5.106527394840706,-0.2541461484476452,0.0,14,1,3,0,2.947700000000001,0,0,0,0,0,2.3086
*C(=O)c1ccc(-c2ccc(-c3ccc(*)cc3)cc2)cc1,0.2417736036271667,0.65,1.4,1.872001422146861,2.165192009853105,-2.669999999999999,0.0,0.0,0.0,12.352527591591166,0.0,0.0,6.06636706846161,0.0,10.357988675768818,0.0,0.0,0.0477582615314328,0.0,20,3,3,0,3.884700000000002,0,0,0,0,0,2.6442
*C(=O)c1ccc(-c2ccc(C(*)=S)cc2)cc1,0.1160546690362707,0.875,1.6875,2.308527167558888,1.4614386779630113,-1.7999999999999998,0.0,0.0,0.0,23.87151686169249,0.0,0.0,0.0,0.0,15.921440167465814,0.0,12.217873443046695,-0.1151128841496809,0.0,16,2,3,0,3.267900000000002,0,0,1,0,0,3.6994
*C(=O)c1ccc(C(=O)c2ccc(*)s2)cc1,0.0726322751322754,1.0666666666666669,2.2666666666666666,2.286723613086444,1.1951719753631826,-1.7399999999999998,0.0,0.0,0.0,28.786254117895147,0.0,0.0,5.380062770465915,0.0,25.593124545238936,0.0,0.0,-0.1109375579126661,0.0,15,1,3,0,1.8432,0,0,0,0,0,3.6543
*C(=O)c1ccc(C(=O)c2ccc(*)cc2)cc1,0.0251322751322757,0.8125,1.75,2.284394871094497,1.3945798802472376,-2.2199999999999998,0.0,0.0,0.0,18.135772537956104,0.0,0.0,6.06636706846161,0.0,26.27942884323463,0.0,0.0,-0.1038118637415177,0.0,16,2,3,0,1.7817,0,0,0,0,0,2.1866
*C(=O)c1ccc(C(=O)C(*)=S)cc1,0.0257936507936504,1.1666666666666667,2.083333333333333,2.996558090260967,0.7485695294278198,-1.35,0.0,0.0,0.0,29.65476180805743,0.0,0.0,0.0,0.0,20.715977351537635,0.0,12.217873443046695,-0.4689752876459225,0.0,12,1,3,0,1.4355,0,0,1,0,0,3.783
*OC(=S)c1ccc(C(*)=O)cc1,0.1410591458805743,1.4545454545454546,2.4545454545454546,2.9340419411151166,0.6743520127395849,-1.2199999999999998,0.0,0.0,0.0,23.554661626514783,0.0,0.0,0.0,5.106527394840706,15.921440167465814,0.0,17.324400837887403,-0.3663196806500377,0.0,11,1,2,0,1.5325,0,0,1,0,0,3.4955
*C(=O)c1ccc(Oc2ccc(*)s2)cc1,0.2316634122784915,1.2857142857142858,2.642857142857143,2.135159759300548,0.9902070142361852,-1.61,0.0,0.0,0.0,23.00300917153021,0.0,0.0,10.116925724265965,0.0,10.357988675768818,0.0,4.736862953800049,5.74026709061341,0.0,14,1,3,0,2.4045000000000005,0,0,0,0,0,2.5289
*C(=O)c1ccc(OC(*)=S)cc1,0.0160591458805743,1.4545454545454546,2.5454545454545454,2.809454194164694,0.6391312018387203,-1.2200000000000002,0.0,0.0,0.0,24.0575772032794,0.0,0.0,4.736862953800049,0.0,10.357988675768818,0.0,16.954736396846744,5.059266397917192,0.0,11,1,2,0,1.5891,0,0,1,0,0,3.2631
*C(=O)Oc1ccc(C(*)=S)s1,0.0301275510204079,1.8,3.1,2.7716918003223654,0.4709178440604781,-0.7400000000000002,0.0,0.0,0.0,35.39436308121414,0.0,0.0,4.736862953800049,0.0,4.877147193701299,0.0,16.954736396846744,4.781122448979591,0.0,10,0,2,0,2.021,0,0,1,0,0,3.8482
*Oc1ccc(OC(*)=O)s1,0.0402371504157217,1.7777777777777777,3.111111111111111,2.6495075543905027,0.399188334829934,-1.0300000000000002,0.0,0.0,0.0,17.8090067426512,0.0,0.0,9.843390348640757,0.0,0.0,0.0,9.843390348640757,4.554633408919123,0.0,9,0,2,0,1.6393,0,0,0,0,0,1.7594
*C(=O)Oc1ccc(C(*)=S)cc1,0.0474999999999996,1.4545454545454546,2.5454545454545454,2.809454194164694,0.6391312018387203,-1.2200000000000002,0.0,0.0,0.0,24.0575772032794,0.0,0.0,4.736862953800049,0.0,5.563451491696996,0.0,16.954736396846744,4.756923238431174,0.0,11,1,2,0,1.9595,0,0,1,0,0,3.6938
*OC(=O)OC(*)=O,0.3795833333333329,1.8333333333333333,2.6666666666666665,3.3954996118673995,0.0340206908719886,-1.06,0.0,0.0,0.0,12.627586494255224,0.0,0.0,0.0,9.843390348640757,0.0,6.155365629538759,0.0,3.1564814814814808,0.0,6,0,0,0,0.2732,0,0,0,0,0,2.3361
*OC(=S)OC(*)=O,0.0324074074074076,2.1666666666666665,3.0,3.3954996118673995,0.0340206908719886,-0.6400000000000001,0.0,0.0,0.0,23.926782309688605,0.0,0.0,0.0,9.843390348640757,0.0,0.0,0.0,3.868518518518519,0.0,6,0,0,0,0.4381,0,0,1,0,0,3.1486
*Nc1ccc(-c2ccc(-c3ccc(*)s3)s2)s1,0.2473628840629201,0.8125,2.0625,1.933629767577347,1.446705962217264,-1.1,0.0,0.0,0.0,44.391502380958,0.0,5.733667477162185,11.1137302476281,0.0,0.0,0.0,0.0,0.5991058765869373,0.0,16,0,3,0,4.2559000000000005,0,0,0,0,0,2.2798
*Cc1ccc(-c2ccc(N*)s2)s1,0.2815279352481732,1.25,2.75,2.2919551642465743,0.9806460564865532,-0.8,0.0,0.0,0.0,27.674653732557346,6.923737199690624,5.733667477162185,5.733667477162185,6.923737199690624,4.877147193701299,0.0,0.0,0.8007101914840009,0.1111111111111111,12,0,3,0,3.402100000000001,0,0,0,0,0,1.6017
*Nc1ccc(-c2ccc(C(*)=O)s2)s1,0.1891510770975055,1.3076923076923077,2.6923076923076925,2.3233777830440703,0.9954684244720756,-1.13,0.0,0.0,0.0,33.9608142556869,0.0,5.733667477162185,5.733667477162185,0.0,9.671684377773122,0.0,0.0,0.0303192449819436,0.0,13,0,3,0,3.0423,0,0,0,0,0,2.9191
*Nc1ccc(-c2ccc(C(*)=S)s2)s1,0.1812192932728646,1.3076923076923077,2.6923076923076925,2.3233777830440703,0.9954684244720756,-0.7100000000000002,0.0,0.0,0.0,45.26001007112028,0.0,5.733667477162185,5.733667477162185,0.0,4.877147193701299,0.0,12.217873443046695,0.4340229486856471,0.0,13,0,3,0,3.5776000000000003,0,0,1,0,0,3.3026
*Nc1ccc(-c2ccc(-c3ccc(*)s3)cc2)s1,0.2374683723096421,0.8235294117647058,2.0,1.8980389987950737,1.6881727151753128,-1.5799999999999998,0.0,0.0,0.0,33.05471650302326,0.0,5.733667477162185,11.1137302476281,0.0,0.0,0.0,0.0,0.5787215624950113,0.0,17,1,3,0,4.194400000000002,0,0,0,0,0,2.0751
*Nc1ccc(-c2ccc(C(*)=S)cc2)s1,0.1616170372469975,1.2857142857142858,2.642857142857143,2.303615435117306,1.1955641567705086,-1.1900000000000002,0.0,0.0,0.0,33.92322419318554,0.0,5.733667477162185,5.733667477162185,0.0,5.563451491696996,0.0,12.217873443046695,0.4037724312891159,0.0,14,1,3,0,3.5161000000000007,0,0,1,0,0,2.3374
*Nc1ccc(C(=O)c2ccc(*)s2)s1,0.1658810206181238,1.3076923076923077,2.6923076923076925,2.276791863299917,0.9446087576730346,-1.13,0.0,0.0,0.0,38.8379614493882,0.0,5.733667477162185,11.1137302476281,0.0,14.54883157147442,0.0,0.0,0.3975169805576551,0.0,13,0,3,0,2.0914,0,0,0,0,0,3.0129
*Nc1ccc(C(=O)C(*)=S)s1,0.0939814814814818,1.9,3.2,2.8897596494816566,0.5102101958548997,-0.7400000000000002,0.0,0.0,0.0,39.70646913955048,0.0,5.733667477162185,5.733667477162185,0.0,9.671684377773122,0.0,12.217873443046695,0.0694907407407406,0.0,10,0,3,0,1.6837,0,0,1,0,0,4.1937
*Nc1ccc(C(=S)c2ccc(*)s2)s1,0.2339082315024776,1.3076923076923077,2.6923076923076925,2.276791863299917,0.9446087576730346,-0.71,0.0,0.0,0.0,50.137157264821575,0.0,5.733667477162185,11.1137302476281,0.0,9.7542943874026,0.0,12.217873443046695,0.5581367840346015,0.0,13,0,3,0,2.6267000000000005,0,0,1,0,0,3.5786
*Nc1ccc(C(=S)c2ccc(*)cc2)s1,0.2205221718316957,1.2857142857142858,2.7142857142857144,2.2762854936030408,1.1404422276559694,-1.1899999999999995,0.0,0.0,0.0,39.486675684882535,0.0,5.733667477162185,11.800034545623795,0.0,10.440598685398296,0.0,12.217873443046695,0.5291989218526918,0.0,14,1,3,0,2.565200000000001,0,0,1,0,0,2.9139
*Nc1ccc(Nc2ccc(*)s2)s1,0.2651818520618123,1.0833333333333333,2.5,2.102852645102257,0.834900709262391,-1.0,0.0,0.0,0.0,43.056880456398986,0.0,11.050456081168516,16.43051885163443,0.0,0.0,0.0,0.0,0.630151145334677,0.0,12,0,3,0,2.604,0,0,0,0,0,1.4393
*Nc1ccc(NC(*)=S)s1,0.1784618291761149,1.7777777777777777,3.111111111111111,2.6495075543905027,0.4553561716495777,-0.6100000000000003,0.0,0.0,0.0,39.04824095285997,0.0,11.050456081168516,11.050456081168516,0.0,0.0,0.0,12.217873443046695,0.4511989795918368,0.0,9,0,2,0,1.8704,0,0,1,0,0,2.2133
*Nc1ccc(Oc2ccc(*)s2)s1,0.2374040742840346,1.25,2.75,2.102852645102257,0.757175202596867,-1.0,0.0,0.0,0.0,33.05471650302326,0.0,5.733667477162185,15.85059320142815,0.0,0.0,0.0,4.736862953800049,6.308854849038381,0.0,12,0,3,0,2.6527000000000003,0,0,0,0,0,1.1067
*Nc1ccc(OC(*)=S)s1,0.0673507180650038,2.0,3.4444444444444446,2.6495075543905027,0.4160638198551561,-0.6100000000000003,0.0,0.0,0.0,34.10928453477245,0.0,5.733667477162185,10.470530430962237,0.0,0.0,0.0,16.954736396846744,5.657865646258504,0.0,9,0,2,0,1.8373,0,0,1,0,0,2.3032
*Nc1ccc(-c2ccc(-c3ccc(*)s3)s2)cc1,0.2311877443177045,0.8235294117647058,2.235294117647059,1.914902758589856,1.6336143369770415,-1.5799999999999996,0.0,0.0,0.0,33.74102080101895,0.0,5.733667477162185,11.1137302476281,0.0,0.0,0.0,0.0,0.5740101760145951,0.0,17,1,3,0,4.194400000000002,0,0,0,0,0,1.6696
*Nc1ccc(-c2ccc(-c3ccc(*)cc3)s2)cc1,0.2235507458590278,0.7777777777777778,1.8888888888888888,1.9054977594361533,1.8338343457735824,-2.06,0.0,0.0,0.0,23.090539221079908,0.0,5.733667477162185,11.800034545623795,0.0,0.0,0.0,0.0,0.5427552915625606,0.0,18,2,3,0,4.132900000000002,0,0,0,0,0,1.9491
*Nc1ccc(-c2ccc(C(*)=S)s2)cc1,0.167897665238935,1.2857142857142858,2.642857142857143,2.3115864006790567,1.1823767992318537,-1.19,0.0,0.0,0.0,34.60952849118124,0.0,5.733667477162185,5.733667477162185,0.0,4.877147193701299,0.0,12.217873443046695,0.4037724312891158,0.0,14,1,3,0,3.5161000000000007,0,0,1,0,0,3.1722
*Nc1ccc(-c2ccc(-c3ccc(*)s3)cc2)cc1,0.2230908842455625,0.7777777777777778,1.9444444444444444,1.8816231251221465,1.886005854623838,-2.06,0.0,0.0,0.0,22.40423492308421,0.0,5.733667477162185,11.1137302476281,0.0,0.0,0.0,0.0,0.5568338842196926,0.0,18,2,3,0,4.132900000000002,0,0,0,0,0,1.8885
*Nc1ccc(-c2ccc(-c3ccc(*)cc3)cc2)cc1,0.2165597297061663,0.5789473684210527,1.368421052631579,1.8726978379111328,2.0971506281091274,-2.539999999999999,0.0,0.0,0.0,11.753753343145172,0.0,5.733667477162185,11.800034545623795,0.0,0.0,0.0,0.0,0.5285065608511604,0.0,19,3,3,0,4.071400000000002,0,0,0,0,0,1.5312
*Cc1ccc(-c2ccc(N*)cc2)cc1,0.24706170913422,0.9285714285714286,2.0,2.275124195489887,1.3598737113394814,-1.7599999999999998,0.0,0.0,0.0,5.687386274683562,6.923737199690624,5.733667477162185,5.733667477162185,6.923737199690624,5.563451491696996,0.0,0.0,0.7358589554585226,0.0769230769230769,14,2,3,0,3.279100000000001,0,0,0,0,0,1.1363
*Nc1ccc(-c2ccc(C(*)=S)cc2)cc1,0.1508342833613396,1.0,2.0,2.2938665692343942,1.3933972962190342,-1.67,0.0,0.0,0.0,23.272742613246496,0.0,5.733667477162185,5.733667477162185,0.0,5.563451491696996,0.0,12.217873443046695,0.3780000635087213,0.0,15,2,3,0,3.454600000000001,0,0,1,0,0,2.5787
*Nc1ccc(C(=O)c2ccc(*)s2)cc1,0.1583276643990931,1.2857142857142858,2.642857142857143,2.268259429656968,1.127130593619205,-1.61,0.0,0.0,0.0,28.187479869449152,0.0,5.733667477162185,11.1137302476281,0.0,15.235135869470117,0.0,0.0,0.388649218946838,0.0,14,1,3,0,2.0299,0,0,0,0,0,2.4618
*Nc1ccc(C(=O)C(*)=S)cc1,0.0599017384731672,1.5454545454545454,2.636363636363636,2.921307190634043,0.6805281476838426,-1.2200000000000002,0.0,0.0,0.0,29.055987559611435,0.0,5.733667477162185,5.733667477162185,0.0,10.357988675768818,0.0,12.217873443046695,0.0504112864281516,0.0,11,1,3,0,1.6222,0,0,1,0,0,4.0513
*Nc1ccc(C(=O)O*)cc1,0.1762093726379436,1.6,2.8,2.843524062030637,0.6063106309956076,-1.5099999999999998,0.0,0.0,0.0,11.656691562635412,0.0,5.733667477162185,5.733667477162185,5.106527394840706,10.357988675768818,0.0,5.106527394840706,-0.1073497732426305,0.0,10,1,2,0,1.1839,0,0,0,0,0,2.5642
*Nc1ccc(C(=S)c2ccc(*)cc2)cc1,0.2115176319992335,1.0,2.066666666666667,2.268204423334219,1.3265384985032604,-1.6699999999999997,0.0,0.0,0.0,28.83619410494349,0.0,5.733667477162185,11.800034545623795,0.0,11.126902983393991,0.0,12.217873443046695,0.5094116281345715,0.0,15,2,3,0,2.5037000000000003,0,0,1,0,0,3.0683
*Nc1ccc(Nc2ccc(*)s2)cc1,0.2470780843201476,1.0769230769230769,2.4615384615384617,2.105655381485372,1.0042351876699058,-1.48,0.0,0.0,0.0,33.09270317445564,0.0,11.050456081168516,16.43051885163443,0.0,0.0,0.0,0.0,0.5987257495590828,0.0,13,1,3,0,2.5425000000000004,0,0,0,0,0,1.0698
*Nc1ccc(Oc2ccc(*)s2)cc1,0.2266699210548417,1.2307692307692308,2.6923076923076925,2.105655381485372,0.9221656324922078,-1.48,0.0,0.0,0.0,22.40423492308421,0.0,5.733667477162185,15.85059320142815,0.0,0.0,0.0,4.736862953800049,6.288134290753338,0.0,13,1,3,0,2.5912000000000006,0,0,0,0,0,1.1598
*Nc1ccc(Oc2ccc(*)cc2)cc1,0.2157693326795058,0.9285714285714286,2.071428571428572,2.1088517120273824,1.0987040254791696,-1.9599999999999995,0.0,0.0,0.0,11.753753343145172,0.0,5.733667477162185,16.536897499423844,0.0,0.0,0.0,4.736862953800049,6.2704018019818895,0.0,14,2,3,0,2.5297,0,0,0,0,0,1.1501
*Nc1ccc(OC(*)=S)cc1,0.0449940948601662,1.6,2.8,2.709147824373649,0.5710898200947431,-1.0900000000000003,0.0,0.0,0.0,23.45880295483341,0.0,5.733667477162185,10.470530430962237,0.0,0.0,0.0,16.954736396846744,5.6269333952716885,0.0,10,1,2,0,1.7757999999999998,0,0,1,0,0,2.1606
*NC(=O)c1ccc(-c2ccc(*)cc2)s1,0.0615838372385992,1.2857142857142858,2.7857142857142856,2.3116410931172133,1.1662256507191784,-1.6099999999999997,0.0,0.0,0.0,23.31033267574785,0.0,0.0,11.800034545623795,0.0,9.671684377773122,0.0,0.0,0.2326550033593682,0.0,14,1,2,0,1.7838,0,0,0,0,0,2.6235
*NC(=O)c1ccc(C(*)=O)s1,0.0069444444444441,1.6,2.8,2.9120812188252145,0.5147681041774488,-1.16,0.0,0.0,0.0,23.5301261304158,0.0,0.0,5.733667477162185,0.0,19.343368755546244,0.0,0.0,-0.3529629629629631,0.0,10,0,2,0,0.6317000000000002,0,0,0,0,0,3.408
*NC(=O)c1ccc(C(*)=S)s1,0.0406424792139079,1.8,3.0,2.9120812188252145,0.5147681041774488,-0.7400000000000002,0.0,0.0,0.0,34.82932194584917,0.0,0.0,5.733667477162185,0.0,14.54883157147442,0.0,12.217873443046695,0.0694907407407404,0.0,10,0,2,0,1.167,0,0,1,0,0,3.7504
*NC(=O)c1ccc(O*)s1,0.0363907785336357,2.0,3.4444444444444446,2.7991216323578683,0.4421793980235856,-1.03,0.0,0.0,0.0,17.243965607286242,0.0,0.0,10.84019487200289,0.0,9.671684377773122,0.0,5.106527394840706,-0.0882945956160241,0.0,9,0,2,0,0.7853000000000001,0,0,0,0,0,2.2174
*NC(=O)c1ccc(-c2ccc(*)s2)cc1,0.0646188166624675,1.2857142857142858,2.642857142857143,2.2889549831233023,1.1822525227337446,-1.61,0.0,0.0,0.0,22.62402837775216,0.0,0.0,11.1137302476281,0.0,10.357988675768818,0.0,0.0,0.2441584782060971,0.0,14,1,2,0,1.7838,0,0,0,0,0,2.1302
*NC(=O)c1ccc(-c2ccc(*)cc2)cc1,0.065977891156463,1.0,2.066666666666667,2.28940133813224,1.3933972962190342,-2.0899999999999994,0.0,0.0,0.0,11.973546797813116,0.0,0.0,11.800034545623795,0.0,10.357988675768818,0.0,0.0,0.2164596039415662,0.0,15,2,2,0,1.7223,0,0,0,0,0,2.3815
*NC(=O)c1ccc(C(*)=S)cc1,0.0561224489795921,1.4545454545454546,2.4545454545454546,2.9340419411151166,0.689643964328941,-1.2200000000000002,0.0,0.0,0.0,23.49253606791444,0.0,0.0,5.733667477162185,0.0,15.921440167465814,0.0,12.217873443046695,0.0504112864281514,0.0,11,1,2,0,1.1055,0,0,1,0,0,3.4516
*NC(=O)c1ccc(O*)cc1,0.0460128495842786,1.6,2.8,2.843524062030637,0.6063106309956077,-1.5099999999999998,0.0,0.0,0.0,5.907179729351506,0.0,0.0,10.84019487200289,0.0,10.357988675768818,0.0,5.106527394840706,-0.1073497732426305,0.0,10,1,2,0,0.7238,0,0,0,0,0,2.0709
*NC(=O)C(=S)c1ccc(*)s1,0.0492129629629629,1.9,3.2,2.8510623327042497,0.4751651384631452,-0.7400000000000001,0.0,0.0,0.0,39.70646913955048,0.0,0.0,11.1137302476281,4.794537184071822,4.877147193701299,0.0,12.217873443046695,0.1691288737717311,0.0,10,0,2,0,0.2212,0,0,1,0,0,3.9034
*NC(=O)C(=S)c1ccc(*)cc1,0.0778760393046107,1.5454545454545454,2.727272727272727,2.898667675015539,0.6693635979992127,-1.2200000000000002,0.0,0.0,0.0,29.055987559611435,0.0,0.0,11.800034545623795,4.794537184071822,5.563451491696996,0.0,12.217873443046695,0.1498485922146637,0.0,11,1,2,0,0.1597,0,0,1,0,0,3.6154
*NC(=O)C(=S)C(*)=O,0.0046296296296299,1.8571428571428568,2.571428571428572,4.053443249785434,0.0463488514873247,-0.77,0.0,0.0,0.0,29.27578101427938,0.0,0.0,5.733667477162185,9.589074368143644,0.0,0.0,0.0,-0.5814814814814815,0.0,7,0,2,0,-0.9873000000000004,0,0,1,0,0,5.1781
*NC(=O)C(=S)O*,0.0724074074074074,2.333333333333333,3.1666666666666665,3.643224945571916,0.0,-0.6400000000000001,0.0,0.0,0.0,23.17568083273673,0.0,0.0,5.733667477162185,9.901064578912528,0.0,0.0,5.106527394840706,-0.2798148148148147,0.0,6,0,0,0,-0.6248,0,0,1,0,0,4.3681
*NC(=O)Nc1ccc(*)s1,0.0294302721088435,1.8888888888888888,3.333333333333333,2.5725016835725403,0.4203111142578232,-1.03,0.0,0.0,0.0,27.74904513742659,0.0,5.316788604006331,16.43051885163443,0.0,0.0,0.0,0.0,0.2644529478458051,0.0,9,0,1,0,0.5085,0,0,0,0,0,1.6045
*NC(=O)NC(*)=O,0.0670833333333331,1.8333333333333333,2.6666666666666665,3.3954996118673995,0.0463488514873247,-1.06,0.0,0.0,0.0,12.441209818454194,0.0,0.0,11.050456081168516,0.0,0.0,0.0,0.0,-0.4528240740740741,0.0,6,0,0,0,-0.5808,0,0,0,0,0,2.041
*NC(=O)NC(*)=S,0.0185648148148147,2.1666666666666665,3.0,3.3954996118673995,0.0463488514873247,-0.64,0.0,0.0,0.0,23.740405633887573,0.0,0.0,11.050456081168516,0.0,0.0,0.0,12.217873443046695,0.0101388888888889,0.0,6,0,0,0,-0.4158999999999999,0,0,1,0,0,3.7029
*NC(=O)NO*,0.017824074074074,2.4,3.4,3.002590528674132,0.0,-0.77,0.0,0.0,0.0,6.031114512338072,0.0,0.0,11.213764075283386,5.20725302477729,0.0,0.0,0.0,-0.1511574074074073,0.0,5,0,1,0,-0.8542000000000001,0,0,0,0,0,1.9635
*NC(=O)Oc1ccc(*)s1,0.0919302721088435,2.0,3.4444444444444446,2.5725016835725403,0.3743971531884895,-1.03,0.0,0.0,0.0,22.810088719339067,0.0,0.0,15.85059320142815,0.0,0.0,0.0,4.736862953800049,5.117277021919879,0.0,9,0,1,0,0.4754,0,0,0,0,0,1.551
*NC(=O)Oc1ccc(*)cc1,0.1137792894935751,1.6,2.9,2.6449316670687724,0.5466820518602887,-1.5099999999999998,0.0,0.0,0.0,12.159607139400023,0.0,0.0,16.536897499423844,0.0,0.0,0.0,4.736862953800049,5.104177768329555,0.0,10,1,1,0,0.4139,0,0,0,0,0,1.3447
*NC(=O)OC(*)=S,0.0810648148148147,2.333333333333333,3.1666666666666665,3.3954996118673995,0.0378436787693276,-0.64,0.0,0.0,0.0,23.86465675108826,0.0,0.0,5.733667477162185,4.736862953800049,0.0,0.0,0.0,4.3909259259259255,0.0,6,0,0,0,0.0111,0,0,1,0,0,3.7701
*NC(=S)c1ccc(O*)s1,0.0161233938019651,2.0,3.4444444444444446,2.7991216323578683,0.4421793980235856,-0.6100000000000001,0.0,0.0,0.0,28.543161422719624,0.0,0.0,10.84019487200289,0.0,4.877147193701299,0.0,17.324400837887403,0.1880659486016628,0.0,9,0,2,0,1.3206,0,0,1,0,0,2.8874
*NC(=S)c1ccc(O*)cc1,0.0013022014361301,1.6,2.8,2.843524062030637,0.6063106309956077,-1.09,0.0,0.0,0.0,17.206375544784887,0.0,0.0,10.84019487200289,0.0,5.563451491696996,0.0,17.324400837887403,0.1530668934240361,0.0,10,1,2,0,1.2591,0,0,1,0,0,2.5935
*NC(=S)C(=O)O*,0.0025925925925927,2.333333333333333,3.1666666666666665,3.643224945571916,0.0,-0.6400000000000001,0.0,0.0,0.0,23.175680832736735,0.0,0.0,5.733667477162185,9.901064578912528,0.0,0.0,0.0,-0.2798148148148147,0.0,6,0,0,0,-0.6248,0,0,1,0,0,4.0646
*NC(=S)Nc1ccc(*)cc1,0.1570540438397581,1.5,2.8,2.6449316670687724,0.6013222162552355,-1.09,0.0,0.0,0.0,29.084063670916624,0.0,5.316788604006331,17.116823149630125,0.0,0.0,0.0,12.217873443046695,0.4961222127739985,0.0,10,1,1,0,0.6119,0,0,1,0,0,2.0356
*NC(=S)NC(*)=S,0.1620370370370369,1.8333333333333333,2.6666666666666665,3.3954996118673995,0.0463488514873247,-0.22,0.0,0.0,0.0,35.039601449320955,0.0,0.0,11.050456081168516,0.0,0.0,0.0,24.43574688609339,0.3518055555555556,0.0,6,0,0,0,-0.2510000000000001,0,0,2,0,0,4.2115
*NC(=S)NO*,0.0,2.4,3.4,3.002590528674132,0.0,-0.35,0.0,0.0,0.0,17.330310327771453,0.0,0.0,11.213764075283386,5.20725302477729,0.0,0.0,17.425126467823986,0.1905092592592593,0.0,5,0,1,0,-0.6893000000000002,0,0,1,0,0,2.2894
*NC(=S)OC(*)=S,0.0509259259259259,2.0,2.833333333333333,3.3954996118673995,0.0378436787693276,-0.22,0.0,0.0,0.0,35.16385256652164,0.0,0.0,5.733667477162185,4.736862953800049,0.0,0.0,29.17260983989344,5.102962962962963,0.0,6,0,0,0,0.176,0,0,2,0,0,4.0637
*NOC(=O)O*,0.0344444444444445,2.4,3.4,3.002590528674132,0.0,-0.77,0.0,0.0,0.0,6.155365629538759,0.0,0.0,5.896975471277056,9.94411597857734,0.0,6.155365629538759,0.0,-0.3247685185185185,0.0,5,0,1,0,-0.4271999999999999,0,0,0,0,0,1.6985
*NOC(=S)O*,0.0819907407407407,2.4,3.4,3.002590528674132,0.0,-0.35,0.0,0.0,0.0,17.45456144497214,0.0,0.0,5.896975471277056,9.94411597857734,0.0,0.0,5.106527394840706,0.0168981481481481,0.0,5,0,1,0,-0.2623,0,0,1,0,0,2.7178
*NC(=S)Nc1ccc(NC(=S)Nc2ccc(Oc3ccc(*)cc3)cc2)cc1,0.0423505007419143,0.6666666666666666,1.5555555555555556,1.521263552927683,2.243464939229571,-3.159999999999999,0.0,0.0,0.0,57.78914654805521,0.0,15.950365812018994,32.48726331144284,0.0,0.0,0.0,29.17260983989344,6.146710171082104,0.0,27,3,5,0,4.213100000000002,0,0,2,0,0,2.2298
*NC(=S)Nc1ccc(Cc2ccc(*)cc2)cc1,0.1098519499826526,1.0588235294117647,2.235294117647059,2.0195228720543663,1.6119901982827691,-1.87,0.0,0.0,0.0,29.084063670916624,6.4208216229260096,5.316788604006331,17.116823149630125,6.4208216229260096,11.126902983393991,0.0,12.217873443046695,0.4375128824783336,0.0714285714285714,17,2,3,0,2.2027,0,0,1,0,0,1.379
*CCOCCOC(=O)Nc1ccc(C)c(NC(=O)O*)c1,0.2215208735902285,1.25,2.85,2.491395918965853,1.393672440853,-2.28,0.0,0.0,0.0,23.561252691243958,13.847474399381248,30.454223101551413,10.633577208012662,14.580253302440804,5.563451491696996,12.18648014187683,14.580253302440804,10.211352878439367,0.3846153846153846,20,1,7,0,2.54052,0,0,0,0,0,0.755
*NC(=O)OC(*)=O,0.1736574074074075,2.0,2.833333333333333,3.3954996118673995,0.0378436787693276,-1.06,0.0,0.0,0.0,12.56546093565488,0.0,0.0,5.733667477162185,4.736862953800049,0.0,6.093240070938415,0.0,3.557592592592592,0.0,6,0,0,0,-0.1537999999999999,0,0,0,0,0,2.561
*OC(=O)C(=S)C(*)=O,0.1064814814814811,1.8571428571428568,2.571428571428572,4.053443249785434,0.0416666666666666,-0.77,0.0,0.0,0.0,29.337906572879728,0.0,0.0,0.0,14.69560176298435,0.0,5.969305287951849,0.0,-0.8714814814814815,0.0,7,0,2,0,-0.5603,0,0,1,0,0,5.1004
*OCCC(=O)CC(=O)Oc1ccc(*)cc1,0.1148347278790096,1.3333333333333333,2.7333333333333334,2.3880135121574426,0.9703856475976276,-1.6799999999999993,0.0,0.0,0.0,17.8189173027784,12.84164324585202,6.606881964512918,10.803230022261658,14.69560176298435,12.84164324585202,5.969305287951849,9.843390348640757,5.128086034753152,0.2727272727272727,15,1,6,0,0.5968000000000001,0,0,0,0,0,2.0323
*CCOC(=S)NC(=S)c1ccc(N*)cc1,0.1811962255951252,1.4,2.7333333333333334,2.5390569863186543,0.915251164007318,-1.2000000000000002,0.0,0.0,0.0,40.286197705840245,6.923737199690624,12.340549441675105,11.050456081168516,4.736862953800049,5.563451491696996,0.0,29.17260983989344,5.896874304180401,0.2,15,1,4,0,2.0969999999999995,0,0,2,0,0,2.6209
*CNCCCOCO*,0.0894911344167296,1.75,3.5,2.6476048489438337,0.3581564213635478,-0.12,0.0,0.0,0.0,0.0,6.4208216229260096,26.99225265920251,5.316788604006331,9.843390348640757,6.4208216229260096,0.0,9.843390348640757,5.793036659108088,1.0,8,0,7,0,-0.0721,0,0,0,0,0,0.6155
*CNCNC(=O)NC(=O)N*,0.1926384952129001,1.5,2.9,3.39613652381051,0.2900871091139863,-1.3,0.0,0.0,0.0,12.062229024676144,0.0,13.716363171576331,21.68403328918118,0.0,0.0,12.062229024676144,0.0,0.1498558358528595,0.5,10,0,3,0,-1.4865999999999993,0,0,0,0,0,0.7092
*CNC(=O)NCOCO*,0.0354380039052657,1.7777777777777777,3.333333333333333,3.040425665876032,0.2207448773484406,-0.81,0.0,0.0,0.0,6.031114512338072,0.0,20.5714310362765,10.633577208012662,9.843390348640757,0.0,0.0,9.843390348640757,5.116163076341648,0.75,9,0,5,0,-0.7951000000000001,0,0,0,0,0,0.7808
*CNC(=O)ONC(=O)NO*,0.1233428602922651,1.6,3.0,3.402570682630092,0.1496154281323345,-1.5,0.0,0.0,0.0,12.124354583276489,0.0,7.04767198267719,16.276981800248734,10.044841608513924,0.0,12.124354583276489,0.0,-0.2164006991685559,0.3333333333333333,10,0,2,0,-1.1705,0,0,0,0,0,1.4002
*COCOCCCO*,0.1433105788611741,1.375,3.125,2.6476048489438337,0.2788387679126026,-0.12,0.0,0.0,0.0,0.0,6.4208216229260096,27.1165037764032,0.0,14.580253302440804,6.4208216229260096,0.0,14.580253302440804,10.76557563303099,1.0,8,0,7,0,0.3549,0,0,0,0,0,0.6927
*CNCCNC(=O)OC*,0.2018522455278407,1.6666666666666667,3.2222222222222223,3.040425665876032,0.303981456572267,-0.77,0.0,0.0,0.0,6.093240070938415,0.0,27.246982335779872,10.633577208012662,4.736862953800049,0.0,0.0,4.736862953800049,5.435668068153187,0.8,9,0,5,0,-0.6841999999999997,0,0,0,0,0,0.5903
*C(=O)c1ccc(NC(=S)Oc2ccc(Nc3ccc(*)s3)s2)s1,0.2611400656999849,1.0909090909090908,2.590909090909091,1.569600373548371,1.549404603945838,-1.739999999999999,0.0,0.0,0.0,78.07226274383507,0.0,10.633577208012662,20.750502932278625,0.0,9.671684377773122,0.0,16.954736396846744,5.628597213498424,0.0,22,0,5,0,4.254600000000001,0,0,1,0,0,2.7059
*NOC(=O)NCC(=O)NC(*)=O,0.2073567281851012,1.5454545454545454,2.8181818181818183,3.5757351909093624,0.2896436401034098,-1.63,0.0,0.0,0.0,18.41051510640604,0.0,6.544756405912575,16.530552679289716,9.632125767808455,0.0,12.00041980028992,0.0,-0.7156265222138238,0.25,11,0,3,0,-1.533,0,0,0,0,0,2.0185
*NCCCNC(=O)NC(*)=O,0.083842723817922,1.5,2.9,3.256951580195633,0.3808507569161036,-1.1,0.0,0.0,0.0,12.441209818454194,6.4208216229260096,13.08951281182515,16.367244685174846,0.0,6.4208216229260096,0.0,0.0,-0.1145862727807172,0.6,10,0,4,0,-0.6011,0,0,0,0,0,0.6578
*Nc1ccc(NC(=O)NC(=O)NC(*)=O)s1,0.0668095558675464,1.2,2.533333333333333,2.437579476379825,0.728919302756562,-2.09,0.0,0.0,0.0,39.811274162102734,0.0,11.050456081168516,21.684033289181176,0.0,0.0,12.062229024676144,0.0,-0.508550626211611,0.0,15,0,2,0,1.1246999999999998,0,0,0,0,0,1.5146
*NCNC(=O)OC(=O)NC(*)=O,0.0138932718148989,1.4545454545454546,2.727272727272727,3.654086216996418,0.2596278905503654,-1.63,0.0,0.0,0.0,18.59657544799295,0.0,6.668691188899143,16.367244685174846,4.736862953800049,0.0,12.18648014187683,0.0,3.604454732510289,0.25,11,0,2,0,-0.8971000000000002,0,0,0,0,0,1.6859
*Oc1ccc(C(=O)c2ccc(C(=O)NOC(*)=O)s2)cc1,0.1624412110523216,1.1,2.45,2.1062698781393028,1.4479981191293578,-2.6699999999999995,0.0,0.0,0.0,29.49943141836765,0.0,0.0,10.586623992961908,4.8375885837366335,24.90682024724324,5.907179729351506,5.106527394840706,-0.7843034194672136,0.0,20,1,4,0,2.1529,0,0,0,0,0,3.5136
*c1ccc(C(F)(F)c2ccc(C(*)(F)F)s2)s1,0.0348516628873769,0.9375,2.0,2.3875715569531573,1.1396104582385735,-0.8800000000000003,0.0,0.0,0.0,28.05363452633539,12.347973912953767,0.0,5.380062770465915,12.347973912953767,14.631441581103898,12.347973912953767,0.0,53.23076617220963,0.2,16,0,3,0,3.722900000000001,0,0,0,0,0,2.5399
*C(=S)C(F)(F)c1ccc(C(*)(F)F)s1,0.2421990740740736,1.3846153846153846,2.3076923076923075,3.0977593843126936,0.658496004300366,-0.4900000000000002,0.0,0.0,0.0,28.922142216497672,12.347973912953767,0.0,0.0,12.347973912953767,9.7542943874026,12.347973912953767,0.0,50.63562925170068,0.2857142857142857,13,0,3,0,3.3152,0,0,1,0,0,4.1531
*OC(F)(F)c1ccc(C(*)(F)F)s1,0.2599768518518515,1.3333333333333333,2.333333333333333,2.999849656155644,0.595871727802257,-0.6200000000000001,0.0,0.0,0.0,11.336785877934735,12.534034254540677,0.0,0.0,17.640561649381382,9.7542943874026,17.411181448241976,0.0,49.31852324263039,0.3333333333333333,12,0,3,0,2.8769,0,0,0,0,0,2.3901
*c1ccc(C(F)(F)c2ccc(C(*)(F)F)cc2)s1,0.0042743764172332,0.9411764705882352,2.0,2.362366887026376,1.3577814193347857,-1.36,0.0,0.0,0.0,16.716848648400653,12.347973912953767,0.0,5.380062770465915,12.347973912953767,16.00405017709529,12.347973912953767,0.0,53.398677143696986,0.1666666666666666,17,1,3,0,3.661400000000001,0,0,0,0,0,2.9023
*c1ccc(C(F)(F)c2ccc(C(*)(F)F)cc2)cc1,0.0087160905072163,0.7222222222222222,1.5555555555555556,2.365510321938987,1.568420208024534,-1.84,0.0,0.0,0.0,6.06636706846161,12.347973912953767,0.0,6.06636706846161,12.347973912953767,16.690354475090988,12.347973912953767,0.0,53.746102461952034,0.1428571428571428,18,2,3,0,3.5999000000000025,0,0,0,0,0,2.0599
*C(=S)C(F)(F)c1ccc(C(*)(F)F)cc1,0.1656368102796672,1.1428571428571428,1.9285714285714288,3.093153964892794,0.8644630812793506,-0.9700000000000002,0.0,0.0,0.0,17.585356338562935,12.347973912953767,0.0,0.0,12.347973912953767,11.126902983393991,12.347973912953767,0.0,50.89951778628118,0.2222222222222222,14,1,3,0,3.253700000000001,0,0,1,0,0,4.0037
*OC(F)(F)c1ccc(C(*)(F)F)cc1,0.175746409674981,1.0769230769230769,1.9230769230769231,3.007046884339858,0.7902455645911155,-1.1,0.0,0.0,0.0,0.0,12.534034254540677,0.0,0.0,17.640561649381382,11.126902983393991,12.534034254540677,0.0,49.62839510109599,0.25,13,1,3,0,2.815400000000001,0,0,0,0,0,2.1427
*C(=S)c1ccc(C(F)(F)C(*)(F)F)s1,0.2347978080120936,1.4615384615384617,2.4615384615384617,3.113230106486668,0.6546143063470421,-0.4900000000000002,0.0,0.0,0.0,28.922142216497672,12.347973912953767,0.0,0.0,5.922529168094576,9.7542943874026,17.225121106655067,12.217873443046695,50.000555555555565,0.2857142857142857,13,0,3,0,3.2068000000000003,0,0,1,0,0,4.1828
*Oc1ccc(C(F)(F)C(*)(F)F)s1,0.3230787037037042,1.4166666666666667,2.5,3.0356750837863054,0.5820256001931788,-0.7800000000000002,0.0,0.0,0.0,11.336785877934735,12.347973912953767,0.0,5.106527394840706,5.922529168094576,4.877147193701299,17.225121106655067,5.106527394840706,49.35380102040816,0.3333333333333333,12,0,3,0,2.8251,0,0,0,0,0,1.9642
*c1ccc(-c2ccc(C(F)(F)C(*)(F)F)cc2)s1,0.1307188484515323,1.0,2.117647058823529,2.337247322594433,1.349308243777506,-1.36,0.0,0.0,0.0,16.716848648400653,12.347973912953767,0.0,5.380062770465915,5.922529168094576,5.563451491696996,17.911425404650764,0.0,51.38992814100949,0.1666666666666666,17,1,3,0,3.8236000000000017,0,0,0,0,0,2.4773
*c1ccc(-c2ccc(C(F)(F)C(*)(F)F)cc2)cc1,0.1431383294568717,0.7777777777777778,1.6666666666666667,2.334538145790933,1.560453017262796,-1.84,0.0,0.0,0.0,6.06636706846161,12.347973912953767,0.0,6.06636706846161,5.922529168094576,5.563451491696996,17.911425404650764,0.0,51.55579843910832,0.1428571428571428,18,2,3,0,3.762100000000002,0,0,0,0,0,2.3351
*C(=S)c1ccc(C(F)(F)C(*)(F)F)cc1,0.1611533525447215,1.2142857142857142,2.071428571428572,3.114951712976516,0.8566996853727026,-0.9700000000000002,0.0,0.0,0.0,17.585356338562935,12.347973912953767,0.0,0.0,5.922529168094576,11.126902983393991,17.911425404650764,12.217873443046695,50.25092084750567,0.2222222222222222,14,1,3,0,3.1453000000000007,0,0,1,0,0,3.9184
*Oc1ccc(C(F)(F)C(*)(F)F)cc1,0.3231903895817585,1.1538461538461535,2.076923076923077,3.057356065608256,0.7733663520393692,-1.2600000000000002,0.0,0.0,0.0,0.0,12.347973912953767,0.0,5.106527394840706,5.922529168094576,5.563451491696996,17.911425404650764,5.106527394840706,49.718625637755096,0.25,13,1,3,0,2.763600000000001,0,0,0,0,0,1.7411
*c1ccc(CC(F)(F)C(*)(F)F)s1,0.0110478080120937,1.4166666666666667,2.5,2.780637757434068,0.651342529199204,-0.5800000000000003,0.0,0.0,0.0,16.716848648400653,18.76879553587978,0.0,5.380062770465915,6.4208216229260096,4.877147193701299,18.76879553587978,0.0,49.40340608465608,0.4285714285714285,12,0,3,0,2.2426000000000004,0,0,0,0,0,1.8781
*c1ccc(CC(F)(F)C(*)(F)F)cc1,0.0449577585663896,1.1538461538461535,2.1538461538461537,2.820297712391952,0.8624441942926662,-1.0600000000000005,0.0,0.0,0.0,6.06636706846161,18.76879553587978,0.0,6.06636706846161,6.4208216229260096,5.563451491696996,18.76879553587978,0.0,49.72639136904762,0.3333333333333333,13,1,3,0,2.1811,0,0,0,0,0,1.7485
*C(=O)CC(F)(F)C(*)(F)F,0.6576620370370365,1.5555555555555556,2.111111111111111,4.340652398986658,0.1574541748614558,-0.6100000000000001,0.0,0.0,0.0,6.286160523129555,18.76879553587978,0.0,0.0,4.794537184071822,6.4208216229260096,25.05495605900933,0.0,46.21145833333334,0.75,9,0,3,0,1.2298000000000002,0,0,0,0,0,2.8445
*C(=S)CC(F)(F)C(*)(F)F,0.1756712962962965,1.5555555555555556,2.111111111111111,4.340652398986658,0.1574541748614558,-0.19,0.0,0.0,0.0,17.585356338562935,18.76879553587978,0.0,0.0,0.0,6.4208216229260096,18.76879553587978,0.0,47.126273148148144,0.75,9,0,3,0,2.0306,0,0,1,0,0,3.5657
*NCC(F)(F)C(*)(F)F,0.4050694444444445,1.5,2.125,4.101783752547981,0.066815310478106,-0.32,0.0,0.0,0.0,0.0,12.347973912953767,6.544756405912575,5.733667477162185,0.0,0.0,18.89273031886634,0.0,46.49673611111111,1.0,8,0,3,0,0.8177,0,0,0,0,0,0.6587
*OCC(F)(F)C(*)(F)F,0.6550694444444445,1.5,2.125,4.101783752547981,0.0545544725589981,-0.32,0.0,0.0,0.0,0.0,12.347973912953767,6.606881964512918,0.0,5.106527394840706,0.0,18.954855877466684,0.0,46.00173611111112,1.0,8,0,3,0,1.2447,0,0,0,0,0,0.6148
*c1ccc(C(=O)C(F)(F)C(*)(F)F)s1,0.1843811413454268,1.4615384615384617,2.4615384615384617,3.047268178388045,0.6038207292465697,-0.9100000000000004,0.0,0.0,0.0,22.50009359476559,12.347973912953767,0.0,5.380062770465915,0.0,9.671684377773122,18.131218859318707,0.0,49.12678571428572,0.2857142857142857,13,0,3,0,1.8828,0,0,0,0,0,3.7613
*c1ccc(C(=O)C(F)(F)C(*)(F)F)cc1,0.0821208506550768,1.2142857142857142,2.142857142857143,3.0749530391200137,0.8053683746350062,-1.39,0.0,0.0,0.0,11.84961201482655,12.347973912953767,0.0,6.06636706846161,0.0,10.357988675768818,18.131218859318707,0.0,49.49602572278911,0.2222222222222222,14,1,3,0,1.8213,0,0,0,0,0,3.4595
*C(=S)C(=O)C(F)(F)C(*)(F)F,0.4585879629629625,1.5,2.0,4.866911094741326,0.1499127522611908,-0.52,0.0,0.0,0.0,23.368601284927877,12.347973912953767,0.0,0.0,4.794537184071822,0.0,23.498701754834947,0.0,46.6294675925926,0.5,10,0,3,0,1.2096,0,0,1,0,0,5.1438
*OC(=S)C(F)(F)C(*)(F)F,0.8402546296296296,1.5555555555555556,2.111111111111111,4.590778800906395,0.0771516749810459,-0.39,0.0,0.0,0.0,17.26850110338523,12.347973912953767,0.0,0.0,5.106527394840706,0.0,17.398601573292304,0.0,46.52993055555556,0.6666666666666666,9,0,2,0,1.5720999999999998,0,0,1,0,0,3.6605
*c1ccc(NC(F)(F)C(*)(F)F)s1,0.0510478080120935,1.4166666666666667,2.5,2.780637757434068,0.5103908675507248,-0.7800000000000002,0.0,0.0,0.0,21.71793062508852,12.471908695940332,5.316788604006331,10.696851374472246,0.0,0.0,12.471908695940332,0.0,48.95368386243386,0.3333333333333333,12,0,3,0,2.0695,0,0,0,0,0,1.8646
*c1ccc(NC(F)(F)C(*)(F)F)cc1,0.0171799807886117,1.1538461538461535,2.1538461538461537,2.820297712391952,0.6987511554005061,-1.2600000000000002,0.0,0.0,0.0,11.753753343145172,12.471908695940332,5.316788604006331,11.38315567246794,0.0,0.0,12.471908695940332,0.0,49.28889136904762,0.25,13,1,3,0,2.008,0,0,0,0,0,1.524
*C(=O)NC(F)(F)C(*)(F)F,0.907662037037037,1.5555555555555556,2.111111111111111,4.340652398986658,0.1113369147706678,-0.8100000000000003,0.0,0.0,0.0,6.410095306116121,12.471908695940332,0.0,5.316788604006331,0.0,0.0,18.88200400205645,0.0,45.690625,0.6666666666666666,9,0,2,0,0.9802,0,0,0,0,0,2.4953
*C(=S)NC(F)(F)C(*)(F)F,0.0743287037037034,1.5555555555555556,2.111111111111111,4.340652398986658,0.1113369147706678,-0.39,0.0,0.0,0.0,17.7092911215495,12.471908695940332,0.0,5.316788604006331,0.0,0.0,12.471908695940332,0.0,46.605439814814815,0.6666666666666666,9,0,2,0,1.1451000000000002,0,0,1,0,0,3.1022
*NOC(F)(F)C(*)(F)F,0.6272916666666666,1.5,2.125,4.101783752547981,0.0385758374905229,-0.36,0.0,0.0,0.0,0.0,12.534034254540677,0.0,5.896975471277056,4.8375885837366335,0.0,12.534034254540677,0.0,45.45506944444445,1.0,8,0,3,0,0.7068,0,0,0,0,0,0.9509
*c1ccc(C(F)(F)CC(*)(F)F)s1,0.1111668556311413,1.4166666666666667,2.5,2.851596052992172,0.6927587698903358,-0.5800000000000003,0.0,0.0,0.0,16.716848648400653,18.76879553587978,0.0,5.380062770465915,5.922529168094576,11.297968816627307,18.76879553587978,0.0,50.17847552910054,0.4285714285714285,12,0,3,0,2.5467000000000004,0,0,0,0,0,2.025
*c1ccc(C(F)(F)CC(*)(F)F)cc1,0.0201641235197782,1.1538461538461535,2.1538461538461537,2.9042644126592805,0.9006264595911134,-1.0600000000000005,0.0,0.0,0.0,6.06636706846161,18.76879553587978,0.0,6.06636706846161,5.922529168094576,11.984273114623004,18.76879553587978,0.0,50.57794796390779,0.3333333333333333,13,1,3,0,2.4852000000000007,0,0,0,0,0,1.9565
*C(=O)C(F)(F)CC(*)(F)F,1.1662500000000002,1.5555555555555556,2.111111111111111,4.2487708148297765,0.2039149567576788,-0.6100000000000001,0.0,0.0,0.0,6.286160523129555,18.76879553587978,0.0,0.0,4.794537184071822,6.4208216229260096,25.05495605900933,0.0,46.19164351851852,0.75,9,0,3,0,1.2298000000000002,0,0,0,0,0,3.352
*C(=S)C(F)(F)CC(*)(F)F,0.4053472222222221,1.5555555555555556,2.111111111111111,4.2487708148297765,0.2039149567576788,-0.19,0.0,0.0,0.0,17.585356338562935,18.76879553587978,0.0,0.0,0.0,6.4208216229260096,24.13627843139602,0.0,47.256458333333335,0.75,9,0,3,0,2.0306,0,0,1,0,0,4.3183
*NC(F)(F)CC(*)(F)F,0.7079166666666665,1.5,2.125,3.887594744367081,0.1678305649333271,-0.32,0.0,0.0,0.0,0.0,18.89273031886634,0.0,5.733667477162185,0.0,6.4208216229260096,18.89273031886634,0.0,46.350902777777776,1.0,8,0,3,0,1.1653,0,0,0,0,0,1.3115
*OC(F)(F)CC(*)(F)F,0.9579166666666664,1.5,2.125,3.887594744367081,0.1555697270142191,-0.32,0.0,0.0,0.0,0.0,18.954855877466684,0.0,0.0,5.106527394840706,6.4208216229260096,18.954855877466684,0.0,45.75868055555556,1.0,8,0,3,0,1.5923,0,0,0,0,0,0.7292
*C(=O)C(F)(F)C(=O)C(*)(F)F,1.416666666666667,1.3,1.8,4.826777907334156,0.1650229820420496,-0.9400000000000002,0.0,0.0,0.0,12.069405469494496,12.347973912953767,0.0,0.0,9.589074368143644,0.0,24.417379382448264,0.0,45.723634259259256,0.5,10,0,3,0,0.4088,0,0,0,0,0,4.1382
*OC(F)(F)C(=O)C(*)(F)F,1.2083333333333337,1.5555555555555556,2.111111111111111,4.4975656797147,0.1100044089190943,-0.6500000000000001,0.0,0.0,0.0,5.783244946364939,12.534034254540677,0.0,0.0,9.901064578912528,0.0,18.317279200905617,0.0,45.290671296296296,0.6666666666666666,9,0,3,0,0.7713,0,0,0,0,0,3.6501
*OC(F)(F)C(=S)C(*)(F)F,1.0750000000000002,1.5555555555555556,2.111111111111111,4.4975656797147,0.1100044089190943,-0.23,0.0,0.0,0.0,17.08244076179832,12.534034254540677,0.0,0.0,5.106527394840706,0.0,17.3986015732923,0.0,46.46567129629629,0.6666666666666666,9,0,3,0,1.5720999999999998,0,0,1,0,0,4.3264
*c1ccc(C(F)(F)NC(*)(F)F)s1,0.138944633408919,1.4166666666666667,2.5,2.851596052992172,0.5902590452551695,-0.6200000000000003,0.0,0.0,0.0,16.716848648400653,12.595843478926898,0.0,10.696851374472246,6.046463951081142,4.877147193701299,12.595843478926898,0.0,49.5951421957672,0.3333333333333333,12,0,3,0,1.6612,0,0,0,0,0,2.4083
*c1ccc(C(F)(F)NC(*)(F)F)cc1,0.0405722867850844,1.1538461538461535,2.1538461538461537,2.9042644126592805,0.7870589393808239,-1.1000000000000003,0.0,0.0,0.0,6.06636706846161,12.595843478926898,0.0,11.38315567246794,6.046463951081142,5.563451491696996,18.159294970623897,0.0,50.00198424508693,0.25,13,1,3,0,1.5997,0,0,0,0,0,2.1641
*C(=O)C(F)(F)NC(*)(F)F,0.7523148148148144,1.5555555555555556,2.111111111111111,4.2487708148297765,0.1441896487087162,-0.6500000000000001,0.0,0.0,0.0,6.286160523129555,12.595843478926898,0.0,5.316788604006331,4.794537184071822,0.0,18.88200400205645,0.0,45.57358796296296,0.6666666666666666,9,0,3,0,0.3443000000000001,0,0,0,0,0,3.7985
*C(=S)C(F)(F)NC(*)(F)F,0.5164583333333332,1.5555555555555556,2.111111111111111,4.2487708148297765,0.1441896487087162,-0.23,0.0,0.0,0.0,17.585356338562935,12.595843478926898,0.0,5.316788604006331,0.0,0.0,17.963326374443138,0.0,46.638402777777785,0.6666666666666666,9,0,3,0,1.1451,0,0,1,0,0,4.6097
*NC(F)(F)NC(*)(F)F,0.7704166666666665,1.375,2.0,3.887594744367081,0.1186741305547248,-0.36,0.0,0.0,0.0,0.0,12.719778261913463,0.0,11.050456081168516,0.0,0.0,12.719778261913463,0.0,45.73284722222223,1.0,8,0,3,0,0.2797999999999999,0,0,0,0,0,1.6576
*OC(F)(F)NC(*)(F)F,0.8298611111111107,1.5,2.125,3.887594744367081,0.1100044089190943,-0.36,0.0,0.0,0.0,0.0,12.78190382051381,0.0,5.316788604006331,5.106527394840706,0.0,12.78190382051381,0.0,45.14062500000001,1.0,8,0,3,0,0.7068,0,0,0,0,0,0.9184
*c1ccc(-c2ccc(-c3ccc(-c4ccc(*)s4)s3)cc2)cc1,0.3065309687486122,0.5,1.7272727272727273,1.60990444075386,2.405409050611112,-2.159999999999999,0.0,0.0,0.0,34.120001594797,0.0,0.0,11.446429838927523,0.0,0.0,0.0,0.0,0.6301390733602965,0.0,22,2,3,0,5.159800000000003,0,0,0,0,0,2.6224
*C(=S)c1ccc(-c2ccc(-c3ccc(*)cc3)cc2)s1,0.1418684108880024,0.8421052631578947,2.0,1.8916337807295731,1.9541715128659236,-1.7699999999999994,0.0,0.0,0.0,34.98850928495928,0.0,0.0,6.06636706846161,0.0,4.877147193701299,0.0,12.217873443046695,0.4515550863637498,0.0,19,2,3,0,4.481500000000002,0,0,1,0,0,3.3959
*c1ccc(C(=S)c2ccc(-c3ccc(*)s3)s2)cc1,0.2902844941287401,0.8888888888888888,2.333333333333333,1.897020152855574,1.6465337896064798,-1.2899999999999996,0.0,0.0,0.0,51.20244235659532,0.0,0.0,11.446429838927523,0.0,10.440598685398296,0.0,12.217873443046695,0.611413773766317,0.0,18,1,3,0,3.592100000000002,0,0,1,0,0,3.54
*Cc1ccc(CO*)s1,0.147944066515495,1.75,3.25,2.5918163053361463,0.4998942591809255,-0.3400000000000001,0.0,0.0,0.0,11.336785877934735,13.530619164203545,0.0,0.0,18.637146559044247,9.7542943874026,0.0,5.106527394840706,0.7027106953892669,0.3333333333333333,8,0,3,0,1.7783,0,0,0,0,0,1.4146
*C(=O)c1ccc(C(=S)c2ccc(*)s2)s1,0.2244251018308556,1.2142857142857142,2.4285714285714284,2.304522786101898,0.9994627818783566,-0.8399999999999999,0.0,0.0,0.0,51.42223581126327,0.0,0.0,5.380062770465915,0.0,19.42597876517572,0.0,12.217873443046695,0.0500915165448897,0.0,14,0,3,0,2.4400000000000004,0,0,1,0,0,4.1286
*C(=O)c1ccc(-c2ccc(-c3ccc(*)s3)s2)cc1,0.2271455890156284,0.8888888888888888,2.2222222222222223,1.9137139086630377,1.701655718721019,-1.7099999999999995,0.0,0.0,0.0,34.339795049464946,0.0,0.0,5.380062770465915,0.0,10.357988675768818,0.0,0.0,0.0859609211384175,0.0,18,1,3,0,4.007700000000002,0,0,0,0,0,2.775
*C(=O)c1ccc(-c2ccc(C(*)=S)s2)cc1,0.1266442217127642,1.2,2.466666666666667,2.327407285257368,1.250418180975831,-1.3199999999999998,0.0,0.0,0.0,35.20830273962723,0.0,0.0,0.0,0.0,15.235135869470117,0.0,12.217873443046695,-0.095814345570388,0.0,15,1,3,0,3.329400000000001,0,0,1,0,0,3.8058
*C(=O)c1ccc(-c2ccc(-c3ccc(*)s3)cc2)cc1,0.2352424490877704,0.8421052631578947,1.947368421052632,1.8808761791656072,1.9540472363678152,-2.1899999999999995,0.0,0.0,0.0,23.00300917153021,0.0,0.0,5.380062770465915,0.0,10.357988675768818,0.0,0.0,0.0728192724578283,0.0,19,2,3,0,3.946200000000003,0,0,0,0,0,3.0595
*C(=O)c1ccc(C(=S)c2ccc(*)s2)cc1,0.2359151129587637,1.2,2.4,2.286723613086444,1.1951719753631826,-1.3199999999999998,0.0,0.0,0.0,40.08544993332853,0.0,0.0,5.380062770465915,0.0,20.798587361167115,0.0,12.217873443046695,0.0337383680132596,0.0,15,1,3,0,2.3785000000000007,0,0,1,0,0,3.9759
*C(=O)c1ccc(C(=S)c2ccc(*)cc2)cc1,0.2468157013340999,0.9375,1.875,2.284394871094497,1.3945798802472376,-1.7999999999999994,0.0,0.0,0.0,29.43496835338949,0.0,0.0,6.06636706846161,0.0,21.48489165916281,0.0,12.217873443046695,0.0162986804761693,0.0,16,2,3,0,2.317,0,0,1,0,0,2.9183
*Nc1ccc(C(=O)O*)s1,0.1421296296296292,2.0,3.4444444444444446,2.799121632357869,0.4475859193567907,-1.03,0.0,0.0,0.0,22.30717314257445,0.0,5.733667477162185,5.733667477162185,5.106527394840706,9.671684377773122,0.0,5.106527394840706,-0.0882945956160242,0.0,9,0,2,0,1.2453999999999998,0,0,0,0,0,2.6486
*CCCCCCNC(=S)Nc1ccc(NC(=S)N*)cc1,0.082546323406091,0.95,2.15,2.249365057722588,1.6237501800432186,-1.4,0.0,0.0,0.0,46.03539320491004,32.60702369139466,17.178333613925236,21.68403328918118,0.0,25.68328649170404,0.0,24.43574688609339,0.6949906021025146,0.4285714285714285,20,1,8,0,3.2517000000000005,0,0,2,0,0,1.6869
*NC(=O)NC(=O)c1ccc(C(=S)c2ccc(-c3ccc(*)s3)s2)s1,0.2444373751384796,0.9565217391304348,2.347826086956522,1.7676830338094789,1.8340957756392824,-1.8699999999999983,0.0,0.0,0.0,68.41115540775803,0.0,0.0,16.43051885163443,0.0,19.42597876517572,6.031114512338072,12.217873443046695,-0.0376904807538753,0.0,23,0,4,0,3.3827000000000016,0,0,1,0,0,2.9241
*c1ccc(C(=S)c2ccc(C(=S)C(=O)Nc3ccc(-c4ccc(*)s4)cc3)s2)s1,0.195476906671511,0.7857142857142857,2.107142857142857,1.4313930847907088,2.480612000451472,-2.0299999999999985,0.0,0.0,0.0,90.52993070236776,0.0,5.316788604006331,16.07691414493816,4.794537184071822,14.631441581103898,0.0,24.43574688609339,0.4372318313812936,0.0,28,1,6,0,5.010300000000002,0,0,2,0,0,3.9089
*OCC(=S)c1ccc(C(=S)Cc2ccc(-c3ccc(*)cc3)cc2)s1,0.0534452126550968,0.875,2.083333333333333,1.6780737472251577,2.3756376247048987,-1.7199999999999995,0.0,0.0,0.0,51.56803446999299,6.4208216229260096,6.606881964512918,6.06636706846161,11.527349017766715,15.317745879099594,0.0,29.542274280934095,0.230191342789836,0.1,24,2,7,0,4.749300000000003,0,0,2,0,0,3.7067
*NC(=O)c1ccc(NC(=S)c2ccc(Nc3ccc(*)cc3)cc2)s1,0.0182593865849844,1.0,2.333333333333333,1.6372113053590844,2.052991524395221,-2.699999999999999,0.0,0.0,0.0,56.89256274658773,0.0,10.633577208012662,22.433611753636452,0.0,15.235135869470117,0.0,12.217873443046695,0.1178624432994505,0.0,24,2,5,0,3.6480000000000015,0,0,1,0,0,2.5831
*CCC(=O)OC(=O)Cc1ccc(-c2ccc(*)cc2)cc1,0.1451225644578819,0.95,2.15,1.982649265640474,1.7751405498457633,-2.419999999999999,0.0,0.0,0.0,18.004977644365308,19.765380445542643,0.0,6.06636706846161,20.7467589448697,11.984273114623004,5.969305287951849,4.736862953800049,5.239979466703125,0.1764705882352941,20,2,5,0,2.4982000000000006,0,0,0,0,0,1.5387
*Nc1ccc(NC(=O)NONC(*)=O)s1,0.1041758110115793,1.4285714285714286,2.857142857142857,2.306305915005437,0.6351693027565619,-1.8000000000000005,0.0,0.0,0.0,33.78015964976466,0.0,11.050456081168516,22.01064927741092,4.938314213673218,0.0,6.031114512338072,0.0,-0.3457677044009113,0.0,14,0,4,0,0.8512999999999997,0,0,0,0,0,1.3385
*C(=S)C(=O)CCNc1ccc(C(=S)c2ccc(*)cc2)cc1,0.1344251653829578,1.0476190476190477,2.1904761904761907,1.9612084667478944,1.8157892686143915,-1.9099999999999997,0.0,0.0,0.0,52.20479538987137,6.4208216229260096,11.861545009918906,11.38315567246794,4.794537184071822,17.54772460632,0.0,24.43574688609339,0.1131892124753426,0.1176470588235294,21,2,7,0,2.875300000000001,0,0,2,0,0,3.8901
*c1ccc(-c2ccc(C(F)(F)C(*)(F)F)s2)s1,0.0940245890022675,1.0,2.1875,2.3691887558465887,1.1058518440922296,-0.8800000000000003,0.0,0.0,0.0,28.05363452633539,12.347973912953767,0.0,5.380062770465915,5.922529168094576,4.877147193701299,17.225121106655067,0.0,51.38466084813555,0.2,16,0,3,0,3.8851,0,0,0,0,0,2.7568
*OC(=O)C(F)(F)C(*)(F)F,1.048587962962963,1.5555555555555556,2.111111111111111,4.590778800906395,0.0771516749810459,-0.8100000000000003,0.0,0.0,0.0,5.969305287951849,12.347973912953767,0.0,0.0,9.901064578912528,0.0,18.317279200905617,0.0,45.50493055555556,0.6666666666666666,9,0,2,0,0.7713000000000001,0,0,0,0,0,2.9195
